-11632,-5332,-22052,-19132,9062,-22245
-344,6820,-19684,-13988,5068,-16981
-3264,1348,-15688,-11284,6477,6681
-3856,-112,-14768,-10003,6363,8531
-3956,532,-13124,-8033,4843,9941
-1896,1828,-12964,-4780,1287,9570
-1120,-344,-12316,-752,-919,9412
-272,-1040,-11080,3180,-3633,6478
344,3912,-12408,7288,-5997,7445
4472,11188,-18848,7768,-5321,6609
6588,17820,-23056,854,-808,2612
2864,12104,-17760,-103,1710,8159
252,2268,-19736,1173,909,13923
-812,-4948,-32684,-131,-4772,-1779
-1808,-6060,-13368,461,3663,-9582
-7860,-2888,-14060,3265,2357,-18931
-9644,2664,-14568,9656,-5043,-5624
-5384,1552,-16956,9357,-7440,3295
-7100,1776,-15148,5897,-9397,-5763
-5268,3620,-16560,5431,-14105,-5999
560,904,-17512,3141,-11257,-3820
-2808,172,-17872,4100,-5597,-4460
-2704,4240,-15808,5000,-8132,-3365
-3024,4672,-17232,4371,-7379,-3603
-3056,4852,-17612,4346,-7604,-3633
-3160,2768,-17656,4699,-6043,951
-5036,1320,-19360,2246,-3909,-2125
-3236,240,-21268,3853,-2674,-2285
-780,1668,-21712,3837,-1446,-2936
-2804,9452,-20952,1103,10077,-2155
708,9012,-24204,-8541,15680,356
-7736,5456,-21732,-12989,19071,5347
-12540,-4660,-27396,-18993,12333,-7017
-3636,-7980,-24124,-21887,9888,-9924
-6636,3392,-16268,-16118,8911,3779
-4604,452,-13116,-16669,5689,2453
-2788,724,-13664,-13125,1744,10754
-2552,-1100,-12016,-8084,2864,17384
-2560,-4248,-9088,-578,-973,11447
-1044,-4520,-9256,5746,-3870,7556
-928,-568,-12168,10796,-7186,2985
8972,18536,-23116,11218,-6082,10071
3208,27476,-22948,-3121,-2781,-3438
1192,7476,-15552,-2268,-1052,6455
-8776,-6180,-32768,996,-10542,-2384
4228,-1076,-25556,3764,1263,-2115
-9976,-4548,-11104,1429,7672,-4397
-10672,236,-17060,7302,-5702,-7033
-5144,1288,-15796,8085,-6254,725
-8840,1796,-15248,7217,-9842,-5634
-5232,2420,-16224,9317,-15225,-4363
316,2972,-15408,8665,-14303,2786
-3448,2412,-18160,6644,-5349,-3886
-4920,3852,-15996,6819,-6693,-3899
-5356,4072,-14876,7428,-7910,-802
-2496,3896,-18644,8027,-7185,660
-3792,2924,-19340,6416,-3676,100
-5352,4048,-19368,3290,-1515,-2131
504,3804,-20660,1602,1733,-940
-3876,8868,-22472,-1820,8784,-3015
-744,6144,-24596,-9928,13394,2177
-8300,2908,-23268,-13665,21066,1571
-11796,-6200,-25432,-16058,14499,-3631
-10564,-8288,-27212,-17005,12167,-9697
-2392,3888,-17712,-17799,9172,-9663
-5472,2268,-12988,-14330,6897,1388
-3380,2688,-12896,-13194,2853,7032
-1948,-2420,-11508,-7523,3017,16433
-2096,-5428,-9656,-1866,-1541,7931
-1448,-4256,-9628,5565,-6754,3227
116,1240,-15708,13119,-9937,4591
11176,22044,-31584,10854,-7558,5546
3904,19720,-21952,-8081,-1156,-6222
1496,3316,-13272,-3234,-53,7073
-2900,-5928,-20676,1480,-7259,-52
-6880,3720,-28152,650,-10771,-12916
-3700,-8924,-12304,-5336,5163,-5029
-9344,-3040,-12892,-354,4120,-17696
-6244,580,-15676,9112,-839,-9165
-9056,900,-16596,12538,-2544,-1991
-6660,5200,-14236,15309,-10133,1480
-7076,6284,-10256,15080,-16981,14952
-180,1824,-20148,5096,-16160,1989
1532,-776,-21172,6246,-8055,-473
-5408,1320,-14164,9553,-7080,1276
-5416,4072,-14144,7692,-6756,-2761
-4972,6312,-21016,2374,-2438,-1640
-4792,4500,-20332,3263,44,4466
-3564,2560,-18672,3350,4397,-403
-2848,7672,-27144,-6434,10468,-2926
-3308,3512,-19932,-10607,19165,3419
-7976,-6060,-21940,-20720,18972,-11313
-11372,-9456,-27332,-20533,12373,-14498
-1900,1596,-19340,-15605,9559,-12204
-4348,10468,-15288,-13586,9180,2634
-3800,1228,-14720,-14687,7447,10324
-2900,-700,-11628,-8258,5604,20182
-4436,-5824,-7192,-2653,1143,15048
-1268,-6160,-7076,4319,-6344,6179
616,-3744,-10768,12232,-11048,3850
9968,32767,-32768,4002,-2924,4586
6736,28988,-31712,-4084,-2397,-2353
-3552,1208,-10432,-2361,1268,6571
-12852,-16888,-18440,-1526,-10991,1105
-10136,8160,-19436,4690,4162,-7927
-7636,1144,-12100,5253,1074,-6699
-8144,3328,-17236,7545,-4151,-5624
-6000,2280,-14752,4153,-5756,-1095
-6792,2812,-16860,4176,-11578,-6552
-3868,216,-12340,5356,-16564,-4888
112,-1480,-16896,8012,-12998,2828
-3204,3172,-18932,7893,-7348,-1425
-4816,3256,-15112,8527,-7986,-2022
-2624,3448,-20380,9306,-5428,-1032
-4632,5372,-17672,7886,-5537,-1379
-4824,4524,-21080,4241,-778,-95
-424,5292,-20660,2594,4896,-425
-2000,12204,-26728,-6423,12203,-586
-3764,4380,-21224,-12596,20172,4548
-11004,-4492,-22940,-17748,15161,350
-8264,-7336,-28856,-17683,11741,-8168
-2868,2496,-20384,-17261,10818,-10563
-4292,3152,-15136,-15706,9648,4342
-5192,2064,-14760,-13362,5246,11751
-3344,-2544,-10732,-9228,4293,19599
-3496,-5248,-8044,-4534,-14,13718
-780,-5208,-6856,2935,-7228,3974
440,-3696,-10652,11191,-11135,3534
16964,23244,-31112,12188,-6062,7721
6096,16316,-18616,-3577,2118,3161
4692,13128,-17592,-3068,2751,4680
2404,-9776,-32768,-248,-6260,-10099
-11080,-6568,-7680,-481,9757,-2950
-11348,-3800,-12652,3572,-2880,-8655
-9876,1876,-21224,6840,-9655,-6482
-6188,-2352,-13964,4540,-11300,-9060
-5872,152,-13016,7403,-15568,-11593
-1784,2728,-16260,10151,-17072,26
2944,-3496,-19372,9813,-8524,-1405
-6948,2868,-14292,6886,-7090,-3251
-3948,5764,-14556,7625,-8211,-1669
-3420,5880,-15460,7183,-7614,-1458
-5036,5112,-19368,3372,-4100,-1743
-5416,4204,-20536,1880,217,967
260,6720,-20576,1211,4943,-444
-4200,10480,-23060,-6583,8158,-5734
-404,4184,-23932,-11811,20239,3560
-7792,-5228,-25272,-18707,18719,-2611
-11532,-13540,-29612,-25271,11421,-21275
-2488,836,-19628,-17776,5505,-19669
-4676,14340,-13060,-8734,3847,8087
1328,5340,-13824,-14867,5060,9062
-2268,-2612,-9508,-6847,4705,17637
-1756,-4732,-6428,-1548,1228,12281
-76,-3036,-8304,5922,-3603,4970
2052,-1328,-12792,15310,-7203,5932
3716,4396,-16900,15918,-7347,8110
9432,22252,-25036,-6495,264,-3884
776,204,-11016,-3429,1414,3609
-13780,-14160,-32768,2741,-13871,-8401
-5940,2936,-21600,586,-137,-10951
-7304,-4148,-10808,-1497,5274,-10146
-10088,380,-17812,4974,-4778,-13681
-7956,208,-15172,7161,-5580,-5342
-6840,1072,-15116,7644,-10060,-4441
-4264,236,-12888,8378,-12259,-4450
-4740,728,-10176,8566,-12377,346
-6460,880,-19588,8953,-12715,-808
2220,4324,-17984,10632,-10155,-2014
-3504,9392,-16208,9375,-3383,-3605
-5344,5680,-18780,4513,-3585,-107
-3824,1856,-20236,1058,-2049,-82
-924,3168,-19300,1570,3568,-2265
-3148,12672,-28156,-4059,8544,-2193
-5500,3620,-22612,-12691,19367,3257
-8252,-4708,-20952,-19056,18250,-4608
-9248,-8252,-29600,-22180,13572,-13345
-4504,1844,-21676,-19225,10354,-18204
-4372,2612,-15256,-13849,9699,4531
-3872,3416,-12544,-13941,7594,10367
-2708,-1308,-10396,-9021,5919,17554
-2704,-5552,-6100,-1795,802,12639
-1212,-5208,-6940,5546,-5063,3497
-644,-2464,-9352,11187,-11627,-1725
15600,13868,-28040,16640,-9920,2280
6428,17492,-22368,-7773,1188,-416
-920,-468,-12096,-1665,2888,5534
-2408,-15092,-32768,4591,-11544,-7740
-5552,-2592,-15752,-960,6661,-7028
-9556,-1956,-15072,5916,2130,-9100
-7252,2472,-18832,8271,-3697,-5637
-7296,-480,-13200,3699,-5817,-7033
-9044,-1444,-14216,6892,-12338,-7765
-5152,52,-14964,10413,-16032,-4275
1332,2624,-19124,11392,-15405,-271
-2536,4756,-17648,10156,-6257,-2605
-4716,4556,-14184,11139,-6558,-591
-3652,4604,-19848,10154,-7434,1580
-1492,3288,-20816,6186,-4043,-566
-4316,2016,-19788,2266,787,-1975
3208,4888,-21648,722,6820,-1773
-2372,11512,-29968,-8307,16528,3337
-8116,3980,-23224,-17655,19525,5738
-11440,-6948,-26344,-18858,14703,-4450
-5060,-2592,-27360,-19529,11359,-12856
-4408,1736,-17840,-16050,11287,-871
-7108,2388,-12120,-11639,6474,11603
-3312,2040,-11484,-12280,4165,14071
-3348,-4352,-9496,-7738,2590,19378
-2376,-5940,-6920,1048,-4261,11042
-2500,-5640,-8664,8834,-10062,7231
3324,2780,-21796,13309,-13136,4217
-160,25036,-32768,2849,-3166,1651
4232,17520,-20900,-6893,661,-598
-5292,-4148,-19772,-806,-798,9349
5564,-6188,-24788,2013,-5220,-12683
-8316,-5616,-10000,-2986,6406,-4555
-12740,-3508,-15860,3394,-2571,-13477
-7796,708,-17060,8791,-8369,-4168
-6188,596,-13760,4690,-10099,-8717
-5952,-780,-14904,4472,-14056,-11164
-3600,2844,-14748,11961,-14237,-1120
308,5260,-19112,10497,-10800,1184
-2696,4808,-17592,9257,-6797,306
-4516,3104,-15728,7658,-6594,-2057
-3264,4536,-20188,10178,-4918,260
-4108,5360,-18040,3353,-1494,-178
-3984,4524,-17756,2568,-372,331
-4120,7416,-19256,-1463,9450,-1018
2088,2780,-31720,-12366,12521,-169
-7596,-3112,-22196,-15550,18079,1120
-8972,-8736,-24372,-19016,12742,-10606
-3328,-3608,-22640,-17613,7674,-14235
-2148,6092,-17116,-12887,8422,-2704
-3652,3052,-15404,-12848,8285,6367
-5324,-1064,-13824,-11406,6628,12758
-2948,-4064,-9896,-7481,3950,16382
-2048,-5648,-6280,-1261,-1682,5789
-100,-2812,-8904,5545,-8662,1955
2408,2844,-15932,11616,-10715,4196
3880,26840,-32768,-4601,-3866,-547
6192,21968,-28644,-5602,-2828,-2390
-3920,-116,-16412,-3524,1293,8092
3924,-10760,-32208,2271,-10083,-10862
-6236,-5104,-14144,-2486,8279,-2837
-10004,-2704,-13688,2418,1288,-10575
-9192,1648,-18072,7461,-5696,-4817
-6904,-228,-14484,3646,-7080,-9698
-6964,-1456,-14676,6393,-12445,-9238
-5252,772,-13948,10784,-13995,-5114
-1628,3296,-17984,11933,-12940,1238
128,7232,-21988,10052,-8018,-516
-3176,3420,-14872,7111,-5518,-3514
-4624,3032,-17776,8829,-5402,1168
-4536,3708,-19336,4641,-3236,-1919
-3724,3848,-19368,2694,-728,467
-2408,5780,-20628,220,4860,-2176
1040,8736,-32188,-8639,12300,1796
4004,4956,-23508,-10730,17999,3527
-5376,-932,-19152,-14242,21004,-84
-9860,-5532,-28680,-16653,9414,-4976
-644,6688,-20440,-17023,9340,-10879
-3916,5324,-18108,-15306,9089,-1380
-2572,1780,-13380,-13792,4007,7249
-928,-1244,-10676,-8196,5498,16656
-2752,-4800,-8876,-3320,2732,13682
-2084,-4304,-8964,1770,-1928,8279
-616,-5692,-10012,10548,-7457,4250
14844,24424,-32768,14064,-8774,5577
4956,26672,-29968,-4395,-3315,-5513
108,7108,-13280,-5614,2161,3429
-9712,-15984,-29216,-32,-9956,-1354
2048,-1260,-21196,4307,3736,-5398
-9584,-2416,-13472,7588,5606,-1942
-10152,2832,-19404,3584,-5332,-14018
-6476,2300,-13388,7341,-8689,-7247
-6796,3372,-14312,10133,-13182,-229
-5136,1268,-14264,8470,-15764,-133
-2152,-784,-16128,7009,-16687,2566
2556,1796,-21008,8458,-8626,-2726
-5404,3756,-14916,5858,-4472,-5841
-4856,4576,-19060,6332,-6004,-3189
-3460,4476,-20576,5575,-3631,-3183
-1704,4288,-21076,4079,-929,-1459
-1164,6108,-20036,408,4528,-2129
-2216,11024,-27548,-9079,14428,4552
-5160,4744,-21772,-17472,20069,4965
-12916,-4652,-24900,-17247,14474,1398
-7956,-7048,-27204,-18155,8786,-4579
-1728,5156,-19604,-18220,11297,-8161
-7448,3232,-14320,-14860,10108,4794
-444,2136,-11480,-14422,7171,7443
-2544,540,-11000,-7888,4159,18373
-3516,-4132,-10436,-51,1005,13990
-1320,-5844,-7416,6340,-7395,4329
6272,1460,-14104,14701,-10056,4215
7232,32767,-31624,4220,-4389,10892
2452,12580,-16164,-4811,1193,-285
-12128,-17240,-18640,-5605,-6290,2843
-7444,1728,-28060,6726,151,-20888
-5704,-728,-13468,9047,3841,-1179
-6600,1424,-14212,3522,-4393,-10564
-9292,2224,-14624,4344,-7293,-7323
-7020,-3484,-13096,6913,-14529,-4051
-2556,2680,-15892,9517,-17811,-2345
-576,1404,-17256,10299,-17201,218
-3812,4344,-16672,8180,-7386,-6351
-4892,6284,-13884,9516,-7734,-1333
-4696,6488,-18184,5730,-6992,-1622
-3352,3144,-19952,3597,-5545,-1230
-4008,432,-21180,1542,-1882,-393
-2604,2760,-20584,4139,425,-87
-1376,8420,-24064,-2372,9256,-3648
-1148,8140,-22772,-10769,15412,2306
-8960,-456,-19324,-14122,17111,7629
-8248,-6272,-26792,-16794,14966,1857
-5156,-10984,-32012,-26068,12142,-19781
-5180,272,-18136,-19172,9498,-5131
20,3196,-11452,-16390,3627,3115
260,-680,-11020,-9332,5250,13756
-1160,-2904,-7476,-2048,4294,18080
-1000,-6100,-8196,8333,-1539,8599
1292,-2776,-10004,12434,-6798,1792
6216,29328,-28776,9707,-2215,13748
6360,15036,-20372,-6312,-1282,1017
2756,1432,-11368,-1147,-176,4593
-6416,-9488,-32768,3538,-12688,-15838
-6020,-1396,-17904,-1017,5445,-4725
-7624,-828,-10028,4917,1970,-5758
-8196,-68,-17068,6061,-5116,-7076
-10532,6900,-20888,7989,-7013,-2842
-7124,-188,-14504,9448,-16767,-5310
-2540,2544,-15632,12191,-19163,-2406
-324,-15996,-9888,-12206,-12573,4459
-3820,3520,-15480,8684,-5479,-1058
-7388,1968,-11544,6610,-6736,-3110
-3824,5328,-19952,6169,-5735,-4333
-3568,4736,-20196,3552,-3641,-1934
-6660,2356,-18976,4362,114,1273
-344,7004,-19624,1607,3915,-1471
-2512,11300,-31628,-10031,9874,-4354
-4288,2352,-21904,-14407,18657,5751
-10724,-3864,-21800,-16096,14474,-221
-5060,-3092,-26692,-16508,10616,-9606
-2212,120,-19700,-17619,9122,-13644
-5064,4636,-12560,-11658,6716,4927
-2236,4980,-12852,-13008,3289,8327
-1364,-1816,-12616,-10205,2996,15731
-2112,-5956,-9872,-4018,1173,11637
-1040,-6628,-8084,2805,-3668,5018
184,-3000,-9500,13451,-8212,5368
5820,15064,-21236,-6350,711,-3416
5952,14100,-19236,-5993,1683,-1938
4748,12472,-16332,-5675,2428,340
-2700,-14144,-32768,2858,-8839,-7685
-3992,-4528,-17636,-1379,7480,-7060
-9728,-1388,-10028,2202,5798,-9313
-10988,-1116,-14876,3882,1459,-11710
-4948,1748,-15716,3856,-8057,-7806
-7280,-436,-14428,7417,-13060,-8858
-5308,1148,-15844,12455,-15321,-4439
-644,2456,-16580,11354,-14643,3364
1816,4784,-19744,7681,-7260,-3706
-6472,2160,-17032,6488,-5012,-3200
-5156,3612,-18056,7870,-7506,-1218
-4492,6440,-19868,8341,-2801,1794
-4876,5876,-19400,3357,-305,2091
-904,3784,-20072,1856,3387,2169
-3744,9188,-20212,-4866,9018,-4493
-1920,2624,-25612,-14242,20456,2607
-11808,-4992,-20804,-17058,16270,130
-9276,-7232,-28068,-18350,11664,-10848
-3960,-728,-19608,-20542,7255,-19535
-3204,4760,-16156,-13241,7044,1844
-2052,5260,-11892,-13409,5741,8000
-3256,-3068,-10984,-8827,4748,18978
-3332,-5924,-7124,-3352,1358,13702
-576,-4900,-7232,4858,-4827,4854
-728,-2604,-11380,12346,-9340,5674
14288,32767,-32768,6189,-4480,7668
3840,13476,-18732,-5044,1632,3600
12,-4,-14436,-346,1472,15329
-16032,-10816,-28676,-103,-11995,-4664
12188,-6552,-29008,3034,-2177,-10787
-7568,-3624,-13884,1668,7192,-8237
-10448,596,-15500,3418,-656,-14093
-7500,-272,-11848,6053,-6500,-7831
-9140,-200,-16744,8471,-9358,-3860
-5524,1180,-16228,9230,-14052,-7738
-276,4944,-14404,11012,-14897,1386
928,3388,-19756,6477,-9021,-1689
-3380,3052,-16812,6127,-5419,-3055
-7008,1168,-15212,9339,-7149,-2788
-5760,1660,-16852,12098,-8529,72
-3128,7864,-19552,2494,-1174,-2813
-4076,6112,-18740,1279,1761,148
-3416,11088,-20872,-643,8700,2131
-216,9676,-32768,-9034,10403,-408
-10612,-3640,-21792,-17092,19222,-1888
-9232,-8932,-26376,-20995,11822,-13608
-2240,-980,-24312,-18635,5919,-17372
-1072,3592,-14736,-12416,6938,-619
-3132,5192,-14872,-14040,6975,10437
-3528,-2204,-11656,-10414,6712,16023
-3420,-5076,-8460,-5572,3371,15618
-1600,-4644,-6908,1811,-3142,6487
124,-3776,-9712,8374,-9556,1757
11136,6616,-24308,17366,-10550,6252
1100,32767,-32768,-7349,-3875,-153
6284,17584,-20092,-7741,2429,2332
-13560,-14548,-32768,-292,-5216,8000
2712,-8156,-20620,-509,9441,-8105
-11736,-204,-9564,3331,6806,-9835
-10016,-404,-18836,3837,-5613,-11432
-7444,-656,-16048,6323,-8879,-7012
-5672,936,-14540,8577,-12345,-9407
-3852,3804,-16976,9459,-15848,-6784
640,1200,-18980,7727,-10788,-2624
-2400,3232,-16968,7217,-5878,-4392
-5168,4288,-14784,11042,-5605,939
-4116,5176,-15540,10416,-8666,2639
-1832,4596,-20012,6737,-5618,-1268
-2088,5012,-20380,6464,-4803,-1239
-3732,2328,-20176,2845,1933,199
-1460,16208,-28292,-5602,10705,2509
1028,8964,-27932,-7526,11076,3586
-6008,2296,-19944,-12868,19462,7048
-11544,-2844,-22816,-16149,15697,-2449
-9468,-4596,-29460,-17779,9876,-5891
-4092,-2220,-25540,-17641,9136,-9100
-6004,1384,-14700,-12965,6878,5761
-1920,1864,-12260,-12874,2760,8059
-1452,-2148,-9320,-7096,3582,17084
-2888,-5808,-8484,-1727,232,10503
-1228,-4732,-8528,6298,-5200,6244
10820,19684,-29864,11168,-6497,5859
11456,25524,-32768,8364,-4731,5797
5140,16196,-21868,-4666,1926,3906
2520,116,-15136,-2516,2413,9945
-10520,-9468,-30536,1683,-9412,-3350
4852,-4184,-20460,1176,651,-8301
-8488,-3060,-10152,1145,3071,-10471
-10276,-380,-20384,5405,-4992,-16020
-8688,1900,-16164,6117,-7155,-7358
-6908,3040,-15060,8502,-10925,-2718
-5536,1868,-15960,9683,-13923,-1738
-2124,496,-15212,7658,-15667,1543
212,-1392,-18472,5517,-11759,-3878
-3508,2580,-17564,10296,-7214,-1439
-6676,3952,-15240,10630,-6959,-2277
-2436,6040,-21332,7489,-4022,-907
-6300,4044,-19812,1468,-786,-4086
-612,6872,-19772,3065,2932,1565
-2396,10392,-20376,-3093,10043,-1418
-4740,6752,-26476,-13184,17746,7156
-7904,-4572,-23500,-17334,18749,-476
-8064,-7084,-25656,-18361,17224,-2541
-3516,-2588,-21832,-20028,9538,-22298
-3292,4808,-15600,-14051,8675,2062
-1460,4520,-12696,-14849,7318,8533
-3648,-2196,-10240,-11151,7393,18300
-4320,-4508,-6664,-2876,1466,17899
-1464,-3384,-6024,6347,-5647,11824
-332,-4760,-9184,12667,-13996,6839
18380,17480,-32628,14469,-10875,9480
8604,29796,-32768,-7318,-1079,-302
-8636,-6268,-15876,-3031,958,10452
10760,-15268,-32768,1238,-9147,-13573
-10728,-3088,-14724,2443,8969,-5780
-10724,420,-15164,3709,-2047,-19147
-8292,96,-15772,3620,-8226,-13944
-6948,-544,-11960,9103,-9835,-9481
-6768,3584,-15216,12594,-15337,-2162
-2996,4872,-16436,10293,-17733,2880
5392,-260,-21548,5804,-7219,-3855
-4500,2756,-17508,6320,-2909,-2819
-6816,3200,-13836,9022,-5686,-2045
-3300,6372,-24180,10280,-8180,1745
-1060,3572,-21388,4509,-4052,-2033
-3832,1896,-19608,2517,855,-3404
-2732,15392,-20456,182,8164,2918
-896,4424,-26420,-10841,17781,5649
-8544,-4456,-25088,-15960,20744,3168
-10432,-8112,-26924,-20691,15141,-7448
-2412,-4304,-24416,-20008,9088,-15172
-4184,5436,-16364,-13865,9101,2689
-3256,3096,-13620,-14242,6417,9614
-3488,-2872,-11936,-11542,6583,14468
-3220,-6400,-7100,-4902,3134,13614
-1456,-6120,-6568,2935,-2332,6576
-1040,-5864,-9688,11220,-7752,3720
10564,13644,-24880,17186,-6737,8274
3244,27488,-28296,-9508,-3953,-5813
1744,7616,-12972,-4850,4159,10058
-15900,-8988,-19516,-1600,-6764,6809
8160,-4080,-29148,4457,-5359,-14279
-7368,-2632,-13080,3520,6869,598
-7728,436,-18312,3697,-3117,-11033
-7824,2176,-14568,4743,-7096,-4780
-8524,-636,-14936,6527,-11425,-4480
-6968,-88,-16492,7469,-15914,-5341
288,1608,-15652,10557,-16096,1765
-1436,1560,-16976,9633,-6665,-2241
-6728,4592,-16920,9592,-7306,-2528
-4452,3540,-16740,9324,-8772,-3161
-1276,4300,-18236,10055,-7985,-944
-5628,5632,-20352,2137,-1921,-3263
-1544,4656,-20992,2203,1706,1001
-1808,13036,-21592,-4676,9381,-3681
560,4336,-22040,-13007,17222,2506
-7956,-4688,-21780,-18948,18605,-1336
-8456,-7848,-27708,-19673,12953,-6861
-3456,88,-21864,-18097,8847,-13842
-1376,8400,-16860,-14844,8076,-1926
-4856,5624,-14176,-13913,8573,11958
-3824,-1476,-12248,-13104,4509,15209
-3068,-4664,-7796,-5211,1441,17195
-2068,-5516,-6584,2443,-2673,10729
-828,-4480,-8976,9212,-10298,4342
5464,1140,-19040,16712,-12249,6504
5948,21908,-30232,-8442,-1849,-3593
2964,4792,-12872,-2579,4066,10124
-13304,-17136,-32768,2041,-7502,4044
3684,-1976,-23452,1208,3306,-9882
-9640,-2760,-8852,1259,3983,-8537
-11504,-2484,-21628,1583,-5797,-21845
-6660,1208,-17852,7948,-7797,-6855
-6436,2408,-14844,8887,-12193,-7401
-5368,2512,-15064,11830,-14928,-4826
-2568,3232,-16204,11101,-14869,1533
1456,1716,-19924,7773,-9146,-3972
-3164,2972,-16256,8087,-5687,-3975
-4700,4372,-16024,10069,-7445,-1029
-3044,6216,-19640,8346,-4666,896
-4056,4276,-20440,1249,-1449,-3851
-312,4824,-20132,1430,3021,-899
800,9696,-18620,-164,11298,1453
-3340,7448,-27756,-13400,15825,-1281
-9404,-3412,-22460,-17038,16291,4028
-9092,-6308,-29916,-19955,12208,-4715
-3396,-2996,-24552,-22467,8219,-20274
-4040,-404,-21044,-18922,7313,-13325
-5112,8116,-11292,-10124,4811,12421
-1688,1252,-13076,-12657,6114,13284
-4300,-4516,-8280,-5061,4374,18804
-2804,-5472,-5936,2625,-911,10187
-1332,-5912,-7876,10189,-8613,7406
9896,284,-22196,15362,-10096,7796
8684,23556,-32768,-6737,-3341,-4692
1540,7880,-13264,-4308,4459,5412
-11760,-16384,-30680,-845,-8054,2476
-388,-1008,-24396,1362,3918,-14088
-7840,-3160,-11280,1280,6979,-8673
-11340,120,-16116,3947,-4760,-14489
-9220,712,-15072,5215,-6863,-6844
-6688,-2380,-14224,6349,-12339,-9429
-5236,-236,-13516,8439,-16017,-7763
-3468,1488,-16232,12781,-14662,3011
1468,4556,-20672,9306,-11676,-2280
-2160,5456,-18280,9935,-6149,-2386
-5040,3236,-15980,10492,-5582,-3014
-4336,3320,-18512,7471,-4389,-1164
-4232,4188,-19088,2008,-568,-2632
2228,6760,-18792,831,4452,-57
-2376,14804,-26932,-9595,13486,-4827
-6992,312,-22892,-14775,21806,5641
-10836,-6332,-24540,-17410,13136,90
-8176,-1488,-28264,-21015,7923,-14752
-3124,5256,-20048,-17587,5349,-12814
-2596,4120,-16892,-13554,4943,-892
-1788,960,-14080,-12961,6841,14643
-3572,-5104,-10556,-8383,6443,20288
-3416,-5604,-7260,-3066,1772,13090
-1864,-5324,-8208,3976,-3228,5772
264,-4660,-11304,12156,-10246,2069
2984,27216,-32768,-7960,-3600,-3683
8064,19092,-23900,-8437,997,-2005
-1036,-1680,-11592,-3120,2740,9216
-12940,-14572,-27844,1125,-5253,5870
-3304,-1132,-17816,2056,7636,486
-10040,-1128,-13676,4599,1870,-2868
-9908,1524,-19516,3600,-4757,-6001
-8968,-1632,-10772,981,-9653,-10490
-8480,-1432,-13888,2840,-11216,-9278
-3680,-1376,-15132,8152,-14916,-6793
-332,1096,-16560,11297,-12702,-899
-1316,5020,-19512,12574,-6917,-2833
-2916,6412,-14680,12056,-7251,-3404
-3708,6620,-16864,7129,-5187,-2650
-3956,5132,-20052,3993,-3831,-39
-2916,4788,-20056,2520,1174,-1237
-1996,5216,-20772,2279,1706,-1363
-2124,12976,-26500,-3867,5616,-56
-236,6596,-22104,-9016,18630,9234
-8492,-1776,-20900,-13582,20563,1462
-10156,-6460,-26524,-16697,13267,-3522
-10012,-7872,-27260,-18554,9677,-9821
-988,5384,-16796,-14543,6827,-1734
-6116,9336,-12172,-10485,5509,13948
-2120,-1868,-11588,-10562,6521,16917
-3972,-5272,-9696,-5532,3007,16306
-2204,-4996,-8552,691,-3501,8870
4456,132,-15640,13578,-11183,5127
6192,2716,-17336,14730,-10872,5571
8212,32767,-32768,3504,-4837,2460
4476,5612,-15952,-2491,3218,4143
-10248,-9664,-28172,-466,-5585,233
10688,-5840,-29656,4431,2984,-8068
-11976,-1284,-8280,161,4838,-8102
-10480,-1136,-14744,1805,-4934,-16138
-7736,2976,-17324,6313,-8615,-6718
-5928,2524,-15748,7486,-9522,-5077
-4360,-196,-15560,6876,-15019,-6274
228,1956,-18036,8354,-14301,-1688
-3876,5176,-14228,9687,-7381,73
-3868,5268,-15472,9377,-7190,498
-4056,5252,-15536,9437,-6913,754
-2940,5784,-18664,9075,-8953,350
-3340,1408,-20896,4047,-3699,1151
864,8088,-20208,-631,9119,-2343
-48,4144,-28872,-15062,17326,-2751
-4268,3636,-23292,-14760,21230,3433
-6592,-616,-22372,-16546,19795,2975
-10976,-7656,-25240,-18124,13035,-3139
-10996,-8512,-26796,-18542,11934,-4695
-1260,5828,-19180,-16138,5840,-12173
-3564,240,-13980,-10526,5882,10079
-2568,856,-13716,-11286,6639,13979
-3768,-4036,-11116,-7295,5174,18249
-1984,-5072,-8092,-49,-502,8132
-1060,-3460,-8016,4930,-4847,3040
112,-3668,-11496,12089,-9856,1966
7864,18260,-24212,-9383,1560,1043
7684,15220,-21596,-8284,3182,3173
-440,-2896,-13784,-2991,3944,6858
-12228,-9728,-30740,2427,-7074,-14855
592,-4908,-16032,-4127,4802,-6709
-6568,-3064,-9568,4038,5502,-7815
-10492,1832,-19596,10262,-3079,-3728
-9028,1960,-13580,3933,-8532,-4921
-6924,3604,-17540,4514,-10366,-4912
-3812,-424,-15188,8374,-16250,-6947
-2796,52,-15448,10723,-15510,-3034
-5660,3616,-12656,12000,-9107,-1968
-4080,7640,-19712,9824,-8027,1625
-5272,5940,-17572,7196,-8672,473
-4928,5532,-17492,6352,-8276,380
-5024,2620,-19908,2078,-155,-2046
2416,2372,-20764,862,4714,-3900
-2568,8944,-20288,-1240,10784,-4267
-3488,5068,-20732,-13135,19976,2620
-6340,-1044,-18144,-15105,19278,3647
-9244,-7020,-31416,-19014,11021,-5646
-4500,1164,-22068,-19449,8489,-15242
-4496,812,-16004,-13514,7576,4710
-6788,1948,-13172,-11710,4915,8418
-1768,-2520,-12352,-11077,3949,14754
-3176,-4256,-7164,-4512,1529,15895
-1724,-5400,-7052,4156,-4200,8657
-1836,-4848,-9924,11169,-9552,5991
15564,3300,-26708,16887,-11744,3085
3280,18964,-22492,-9913,-648,-4167
1316,3700,-11740,-5141,1998,8174
-12436,-13624,-32768,1570,-7342,-2335
1100,-2476,-23304,1339,8095,-1224
-8332,-3580,-7656,-1368,7412,-10361
-12188,-180,-18744,5748,-3172,-11038
-9952,1700,-16148,6904,-8379,-3921
-8836,-2436,-12180,9260,-10219,-2822
-4892,-2184,-13896,9660,-15707,-8164
-2304,1640,-15024,12823,-14844,4761
-8,4816,-19808,9580,-9890,-2695
-2696,4520,-15532,9945,-5982,-3186
-5316,3376,-15824,8068,-5521,-5265
-4296,4236,-20732,5283,-5462,-2020
-3968,5864,-19180,2487,-440,511
-2252,4864,-19668,1223,4209,2614
-2396,12408,-27348,-7857,10409,-2053
-4456,428,-20476,-12303,21229,8106
-10608,-6048,-21240,-17830,19991,-325
-9644,-7504,-29136,-22243,12518,-13866
-2188,6048,-15752,-12380,6296,27
-2392,7792,-14944,-11420,6355,1980
-2640,4144,-14996,-14061,5322,11620
-2624,-2480,-12348,-9708,5459,19189
-3916,-5756,-9292,-4748,2265,14612
-2024,-5992,-7824,2202,-2616,6918
-52,-3652,-8976,7457,-9645,-600
7836,32767,-32768,4719,-4790,2568
8696,26632,-31460,-8547,305,-3068
9164,20672,-25212,-7306,2115,82
-13484,-12644,-24108,-24,-333,8183
11364,-11820,-27396,4376,-6967,-11833
-5316,-2520,-12404,-91,8382,-9661
-8324,-744,-17712,7574,840,-7689
-7636,2296,-17604,8639,-4301,-6345
-7072,-28,-11232,4681,-8787,-4294
-7224,-2692,-15744,7065,-13331,-8098
-3868,932,-16336,9584,-15423,-7501
720,-8,-17928,7174,-12156,-6197
-2796,4016,-18496,10954,-5728,-3651
-4252,5484,-15920,7177,-6183,-5340
-3828,2708,-18152,7947,-6860,-922
-5448,1728,-15576,8831,-7590,1154
-3184,2764,-19516,3554,-3175,-682
-1880,12048,-22652,-2425,8188,-1181
-2328,12696,-23468,-3845,8635,-1298
-4204,3524,-20380,-12252,19433,5694
-12032,-5092,-24360,-17149,15558,3374
-11332,-6112,-25484,-17708,13427,1269
-3728,-1924,-22148,-18562,7264,-13353
-2820,3088,-15352,-12997,6889,782
-3776,4600,-13412,-13765,4659,11287
-2728,-804,-11416,-10905,4988,20467
-4220,-4224,-8788,-4244,1990,18622
-1864,-4716,-8484,3877,-4297,10774
428,-5332,-9876,7886,-9825,3902
8616,32767,-32768,-3748,-4336,1129
8752,28172,-32768,-6961,-1513,-1861
3000,2932,-15248,-3853,3009,6550
-14760,-8548,-32768,354,-9661,-9451
1904,-8236,-14468,-2249,10452,365
-10240,-4496,-5044,-3782,6898,-20302
-12160,-5916,-22176,6262,-4476,-20426
-8872,-472,-17468,7784,-6678,-11910
-6272,412,-15280,22652,-12114,3449
-4192,4720,-15004,18415,-15417,6912
-3196,4948,-17176,10203,-17097,3859
2608,44,-21624,5697,-13212,-460
-2460,-1648,-15712,10368,-4589,-661
-6588,5700,-18376,6677,-7985,-5544
-4420,4880,-18308,7757,-7979,-1872
-4360,6200,-18484,2089,1342,4754
380,2484,-20152,199,5580,2646
-596,7192,-29980,-10645,10245,-4623
-2276,-120,-24296,-15425,22256,5777
-10348,-9196,-24184,-20245,16906,-9099
-9156,-10728,-27704,-22348,14371,-13608
-2312,-288,-18752,-17523,8187,-18550
-2308,2620,-15832,-14724,7201,-8673
264,5704,-13360,-13429,4579,3025
-3296,-3768,-10400,-9087,6337,18107
-3420,-5788,-6064,-1367,1332,13913
-1052,-3536,-6568,6696,-6195,7150
968,-2532,-11948,12826,-12602,4581
12244,32767,-32768,1816,-3858,5228
7588,13368,-18208,-5823,2145,3226
-14344,-5200,-23928,-927,1976,18076
-13624,-15004,-28912,-1696,-8749,4275
-9276,-2584,-11516,3304,13333,-3976
-11348,-3284,-16260,5309,1167,-14482
-9136,-780,-17680,5825,-8027,-9125
-7676,-1976,-12676,9561,-10553,-6136
-6024,1236,-15868,13147,-16250,-7208
-1008,2556,-16008,11976,-16712,783
512,-312,-18000,7521,-11262,-4861
-4368,3040,-14608,9445,-8276,-2411
-2016,2476,-18728,7358,-7660,-524
-2264,2352,-18880,7070,-7380,-1246
-5104,5192,-20772,4853,-3711,-491
-2552,4372,-19780,4279,-67,4969
-1372,3616,-19536,3281,1991,4654
164,8192,-29324,-8713,11204,681
-5724,-2184,-21616,-15795,20306,4660
-9744,-7276,-25344,-21307,14464,-4864
-6040,-10660,-27896,-21503,8514,-11820
-2612,7068,-15536,-11935,8448,5236
-2468,6460,-14612,-13268,8127,6129
-3240,16,-14392,-14689,9090,13958
-3364,-524,-10904,-9155,7631,21158
-4232,-3740,-9176,-5968,5078,18183
-2152,-5908,-7936,4774,-2557,9902
588,-5548,-9732,10256,-10409,1325
8192,144,-17964,17277,-15639,-1766
22380,26080,-32768,11442,-6916,-697
2180,5676,-20296,-5037,4768,7094
5336,-15752,-20476,-6211,-1631,-12133
-8924,-6804,-8252,-1166,7737,-10010
-13304,-3896,-17504,8711,2493,-11538
-7416,-388,-20076,8472,-7515,-5641
-7000,-1396,-15904,7162,-8859,-8601
-5156,1144,-14860,15347,-16184,-3991
-1232,2744,-17464,11907,-16841,-2576
840,2632,-18492,7652,-11512,-3759
-4152,2080,-16124,7033,-6261,-3732
-4352,2420,-16380,7394,-6102,-2915
-4436,3852,-19544,8856,-6656,220
-1828,3692,-20868,3711,-4340,-66
-3580,4704,-19508,2337,709,326
-328,4940,-19628,997,5330,485
-1668,11524,-22112,-1766,8579,2034
-5604,212,-19848,-14525,18280,7322
-6364,-3116,-20448,-16462,17857,5749
-6480,-9408,-29980,-18031,7515,-4337
-1160,16,-20164,-18297,6469,-13935
-2256,536,-16496,-11893,8739,1928
-4700,2756,-13348,-9855,7867,9212
-2284,712,-13464,-10725,7216,13398
-3312,-4876,-9760,-6073,6153,16642
-2968,-7684,-8204,-2785,4385,12777
332,-5172,-7600,7458,-7988,744
2016,-1824,-13552,14069,-13016,3683
6204,32767,-32768,-7550,-4398,5
8512,12740,-19108,-5335,2864,1552
-16908,-14020,-25260,-4761,-4622,10041
4852,-12708,-31340,5577,-2791,-16405
-4576,-5192,-12512,64,8690,-6546
-8908,-256,-14732,6002,1518,-8945
-8604,2076,-16608,8395,-4573,-5663
-8100,-208,-13316,3898,-10823,-5802
-5244,-2756,-10540,6041,-16439,-12011
-188,1068,-17704,12438,-16270,-3878
2128,3152,-19760,10453,-8505,-4432
-3544,6824,-17200,10261,-3562,-876
-4208,5456,-15824,6486,-5564,-713
-3200,2320,-16968,4965,-6024,963
-4480,864,-20664,3283,-4201,1232
-4472,1656,-20308,4383,-1409,2400
3824,3032,-20568,1539,2696,-1056
-2716,11624,-20780,-4444,12583,-4069
-6280,5000,-22080,-15762,19196,176
-7932,2180,-23484,-16463,19879,4080
-7140,-10008,-27656,-17582,9400,-3082
-3228,-280,-21920,-20078,7440,-18509
-4008,-252,-16264,-13157,6717,10
-4784,2308,-12208,-9614,3479,12248
-1628,-396,-14824,-11780,5996,16403
-4348,-6000,-9456,-6385,3927,16199
-2108,-6056,-5200,1881,-2009,9410
-40,-4980,-8560,9145,-8578,8616
12632,7728,-27488,14362,-10933,7874
8608,32767,-32768,-3826,-5898,4321
1680,5272,-11008,-1410,1514,4176
-11928,-10584,-25452,911,-8072,4010
10980,-4684,-32768,1670,-2277,-7136
-5576,-5804,-13184,2145,8915,-3882
-11216,-156,-13540,5852,4449,-12134
-9120,1744,-16092,7463,-6715,-6404
-8708,-512,-15204,8024,-10502,-146
-4788,-1368,-15820,7890,-16998,-9277
-100,1796,-16648,11144,-15066,-484
244,1592,-18836,7918,-8771,-3715
-3552,2768,-18132,7587,-5780,-2506
-5068,2976,-16208,7754,-6565,-3123
-2976,5412,-19548,9667,-5902,2147
-2580,4452,-18432,3275,-2486,1391
-4576,2120,-18076,2394,809,2752
164,4244,-20636,-1403,5095,-2288
-1452,6412,-29152,-11854,9725,-2119
-2828,-744,-21856,-16171,18626,2183
-8628,-10716,-27512,-20558,12966,-8334
-3320,1820,-17288,-15095,6567,-14890
-2908,2268,-16132,-13937,6242,-12241
-3056,9284,-12220,-9180,5816,9793
-900,2968,-14576,-11753,8168,14407
-4796,-5116,-11436,-7418,6538,17530
-3296,-6764,-8096,-1485,984,11020
-240,-4768,-7272,5547,-6231,5244
1688,-3360,-15724,15187,-13636,3193
5188,32767,-32768,-7557,-4159,215
8152,15388,-21956,-8791,2026,-1611
-8052,-7964,-28412,-735,-279,4771
828,-8308,-22576,-2593,-2526,-6529
-5828,-6280,-8364,-5126,7984,-11615
-12348,-2472,-19612,8264,2306,-5215
-11088,-1044,-22732,10563,-3670,-1457
-7424,-648,-13992,4952,-10506,-7225
-3948,-1940,-15756,9305,-14792,-7625
-820,2492,-17160,11568,-12724,-3711
-896,2332,-17844,9315,-9651,-4268
-3588,4272,-17056,10314,-6685,-617
-3168,2044,-16652,8270,-5894,-1361
-3832,3136,-18644,9315,-5856,2823
-3564,4016,-18660,5298,-3414,836
-4624,3540,-18964,2843,-641,970
-1764,2868,-19696,1245,3046,927
-2168,13156,-25768,-6299,9032,-287
596,1976,-22344,-13182,18833,4751
-9012,-5924,-24000,-18734,16575,-3174
-9448,-10936,-27844,-20257,10103,-9551
-3348,-2780,-20400,-15187,4953,-15462
-1364,3952,-16352,-10013,5073,-817
-952,8692,-15260,-13216,4134,7411
-2804,-2588,-11644,-9890,6079,17417
-3364,-4996,-8808,-4635,3562,16405
-1316,-5152,-7692,2598,-1680,8841
14764,29052,-32768,5536,-3874,417
9896,32767,-32768,1902,-2240,1630
6280,21264,-26656,-11997,995,-2187
5380,14680,-22136,-11023,1740,-1024
-11228,-12248,-28244,-1108,-3384,6195
12904,-9320,-27404,2115,2842,-9051
-9876,-2940,-9904,2056,7517,-10605
-11800,-1844,-17700,7424,-3548,-7115
-6612,1224,-15756,7463,-8669,-2441
-6812,1204,-14648,7835,-9397,-1419
-2988,636,-17288,9983,-15121,-7197
100,2208,-15980,10246,-11200,68
-1440,1408,-17916,5614,-7802,-5223
-3316,2128,-17720,7277,-6092,-1830
-3464,3628,-18336,9670,-6261,2760
-3480,4324,-19392,10387,-6253,2898
-3612,4304,-20268,8281,-4632,1980
-3308,2896,-19460,2949,-546,1961
3208,1748,-20940,904,5262,781
-2480,11316,-25068,-6874,12245,-2669
-7064,2932,-21744,-15697,21130,2463
-10612,-5656,-23008,-18454,15754,114
-4148,-9124,-27936,-15878,5689,-7779
-748,4220,-20200,-14772,6549,-9038
-4460,2600,-13060,-8927,6703,10378
-4148,3880,-12568,-8900,5374,11253
-3568,-4520,-10088,-8304,5248,15774
-1988,-6052,-9524,-2644,2678,12462
-1384,-5728,-7512,3226,-3466,4688
-172,-4584,-9600,8332,-7085,4765
19392,22412,-32768,8792,-9821,-889
7072,32767,-32768,-3477,-3573,375
2488,5604,-13428,-6571,3131,5487
-11672,-14972,-32768,-907,-6450,4816
3880,-6716,-20288,-770,5522,-8258
-9024,-872,-10528,-174,8468,-11498
-10968,-1692,-17524,7971,-3602,-11646
-8876,-132,-17768,8477,-8282,773
-7032,-420,-14616,9552,-13158,-3189
-3516,28,-17424,9764,-16189,-8754
456,2464,-16616,9635,-12551,-1103
-1152,1212,-18108,5790,-7621,-7528
-3492,3648,-17004,8678,-6864,-665
-3104,3804,-17076,8176,-6457,-908
-3060,4504,-18508,7353,-6327,-1357
-4196,2644,-18336,3372,-2835,-505
-6020,1220,-18624,2353,-1255,-919
-2112,2464,-19276,3423,-1244,3336
4672,3072,-22452,875,3113,-1034
1364,5280,-20996,-12570,17663,2459
-11004,-5044,-22204,-17249,15608,1066
-10016,-8912,-26840,-17853,9645,-1403
232,-5376,-24768,-17038,7731,-13599
-4388,488,-15104,-9198,9896,6117
-5468,412,-14380,-8859,9938,7184
-1692,304,-13356,-11901,5182,6160
-2912,-3656,-10896,-6657,4792,12900
-2408,-5624,-9024,-277,810,8148
-436,-5472,-9000,7305,-6246,3681
-236,-1956,-12008,13980,-10793,3999
18380,32767,-32768,2401,-3452,2430
3232,32767,-32768,-8077,-2620,1953
-468,3052,-12056,-2733,3411,10176
-9488,-11768,-32768,3246,-9483,4571
-4176,372,-16792,53,6752,-2770
-7304,-2328,-10516,2865,5861,-4889
-9596,-1904,-20380,6101,-4753,-3629
-8448,-352,-14524,5451,-9059,-2182
-8656,-464,-14616,5140,-10236,-2260
-3164,-984,-16984,8141,-16949,-5955
2764,-684,-16336,8893,-11713,920
-2836,-848,-17276,8632,-5913,-4528
-4240,4096,-17204,9382,-9886,-2396
-3168,4936,-17724,8546,-9453,-2499
-1076,3588,-18120,5530,-6177,-474
-4624,3176,-20880,2473,-3277,-3221
-4992,4036,-19880,2952,-976,1235
340,5796,-21976,-208,5180,-2367
-252,4744,-25976,-11099,9929,-954
-2060,-2700,-22004,-16221,19553,-2751
-8276,-11300,-24300,-18476,14659,-9218
-2036,-2216,-19192,-13247,8658,-12865
-1636,4348,-17792,-11899,8952,-7868
-3072,4440,-15684,-12102,9515,1403
-3728,3788,-15328,-14980,6444,5221
-2320,-4424,-10844,-9738,4409,14273
-1908,-6436,-6324,308,-1585,9780
-1292,-5104,-6276,2838,-3327,8990
1704,-3148,-11368,12192,-11554,2186
8532,16220,-28624,-9162,847,-3093
7972,14016,-24592,-8723,1415,-2995
548,2108,-9820,-4068,1576,-905
-11120,-11080,-32768,3627,-9622,-2514
-2424,-4676,-18284,-2087,7653,-4236
-8360,-2884,-12604,816,7215,-11390
-9388,1512,-18660,10674,-4282,-5457
-7848,404,-17400,7306,-8569,-5120
-6848,-1168,-15516,10781,-14586,-3673
-860,1884,-14400,13513,-15604,-1697
536,876,-15600,9562,-10159,5154
-2904,732,-16688,5347,-7253,-2763
-2732,4372,-16680,7879,-5774,-1953
-2648,4664,-16852,7704,-5970,-1643
-4756,2812,-21840,2180,-3583,-1938
-5440,-2056,-20468,111,-1486,-2437
608,2860,-19416,1487,1522,-2637
-3604,10612,-18748,-3658,12145,-6625
-8404,-808,-23672,-17306,14214,3358
-8668,-6580,-29272,-18357,10551,-835
-8420,-6720,-29916,-18566,10290,-1545
-4236,-8884,-27308,-17652,6772,-8250
-4048,-220,-14892,-11309,6323,1730
-384,6092,-11628,-7195,3600,9164
-1224,4372,-13908,-8384,4263,10433
-3640,-4312,-11180,-3266,4047,17339
-2496,-7088,-9104,-496,-1160,7377
-236,-7644,-8840,2443,-4800,3932
14876,26276,-32768,1741,-3621,-2781
7472,17840,-26372,-7785,1442,-2256
7280,16004,-24792,-7297,1734,-2808
-4040,3612,-13424,-1743,4238,14423
-11888,-12640,-23004,-422,-10512,-383
9460,-1692,-30680,2774,3024,-8813
-6092,-184,-17692,3453,9935,-2047
-9700,2104,-13180,7545,-2796,-9573
-7416,3588,-14560,7619,-9943,7069
-4236,696,-15788,3614,-15057,-1364
1472,412,-14848,-1252,-14628,-1273
1800,-7676,-18148,381,-8078,-2798
-4404,-3040,-17232,1593,-3435,-14571
-8660,1852,-16684,10724,-3452,-8876
-5668,8236,-18572,13587,-7420,-5252
-2820,9612,-18584,10606,-10325,1444
-4,1896,-19748,3764,-4225,-2211
-6552,352,-19836,1525,176,-3440
-2844,4788,-18520,817,2217,-4249
4448,11008,-27476,-5567,10270,1267
-1160,2880,-22320,-13597,18664,2954
-4892,-2736,-22900,-18639,17489,-2770
-3852,-9420,-25256,-14612,8336,-7603
-2492,-6584,-24496,-13755,8301,-8153
-1896,4620,-16688,-11894,9148,3274
-4344,3124,-14628,-12904,7020,8627
-1944,-1852,-11280,-10147,4777,15661
-3084,-6824,-9156,-4837,-473,11196
-260,-3912,-8032,4044,-6191,5908
712,-3196,-9852,10405,-13406,791
4936,32767,-32768,-7410,-597,-275
5884,26512,-30464,-10056,-535,-3668
4072,2412,-13580,-6743,1044,2240
-3156,-8636,-13832,-1037,-3788,5531
-10536,-8304,-32572,6623,-5751,-5649
-1928,-3924,-20884,431,2164,-697
-8032,-92,-14528,2532,-3384,-14779
-7576,-628,-14424,3151,-4957,-12600
-7692,192,-14968,3140,-5344,-12591
-5252,-1024,-17032,11669,-11309,-6183
-1180,4256,-13728,14910,-11107,2335
-1368,4076,-14032,13285,-9344,5363
-2116,3888,-19652,6713,-9380,-1516
-5648,3932,-17400,6531,-5177,731
-4988,7072,-19260,5920,-4353,879
-4168,1980,-20492,2241,-4112,89
