10484,14940,-16512,1175,-8528,2381
10532,13696,-15328,-1140,-3130,4368
7340,7452,-11924,-1421,-2813,3693
2632,6288,-21876,-817,55,-6282
-1584,14076,-31092,1410,7430,-6694
-10768,5392,-5440,224,5978,-7461
-4232,7980,-6012,4639,3342,-11551
-8112,17292,-10996,1007,5736,-20544
-10596,11748,-15388,-2199,-2266,-25013
9692,6304,-17876,3572,-15090,-6436
-2320,12172,-13952,7516,-8051,-929
-6556,14872,-11844,-564,-4306,-15874
-248,11008,-9696,-720,-288,-15221
-5272,11320,-11860,-180,-1979,-8748
-3936,10188,-15040,36,-2657,-9253
-1096,8780,-13672,2852,-2396,-5041
-3076,12180,-15580,2825,-615,-3794
-2908,14396,-14388,1230,3459,-3228
1208,14144,-13812,148,7252,-1873
-2288,19312,-12760,25,10143,5621
-3644,19300,-16944,-4140,6786,17725
-2984,12508,-19720,-7674,6035,19239
-2140,7768,-24184,-8829,18087,9537
-1044,9700,-18344,-13415,20267,-3069
-11128,10012,-10520,-7293,6977,10911
-3056,10404,-10832,-3572,-5389,25453
-2956,8052,-8976,-4994,-5024,20293
-1368,3872,-11488,-2185,-7255,16692
-952,1536,-10608,-1388,-9142,8210
2052,4160,-9208,653,-11465,2410
7612,12592,-12160,2349,-11874,773
12888,18412,-18932,-2479,-9953,1604
9520,14868,-16728,-406,-7188,5686
9228,9936,-13464,-817,-4091,4786
6148,5488,-13040,-376,-2196,1234
-3836,12300,-25648,-1185,4519,-14147
1472,5344,-17968,-5732,8977,-14751
-7156,5036,-9140,1499,7704,-13471
-7164,10200,-9932,6456,6189,-8374
-11020,19240,-13384,502,1173,-25693
-4548,8640,-10948,1013,-8806,-17471
4412,5200,-15420,6547,-11408,-4787
-4544,13600,-14136,3685,-7732,-6507
-3004,10604,-10892,-1649,-2312,-17750
-4144,11344,-9744,1653,-1026,-10053
-4868,11468,-13408,2059,-2911,-8025
-3196,8152,-14812,2029,-2465,-8279
-1376,10356,-17720,3556,194,-5665
-4284,14440,-14560,113,5583,-7561
116,16300,-11744,-730,6631,-4610
-508,20008,-15624,-659,10305,4119
-5316,16436,-14700,-3381,11846,15799
-10744,15548,-16132,-6946,3073,21688
-984,9576,-22948,-9138,12111,13540
-116,7456,-19660,-10442,18658,3242
-9384,7196,-12380,-8517,11110,6921
-6560,10064,-9876,-3696,-3254,23320
-4428,9836,-11348,-5450,-6031,23331
-2584,3972,-12040,-2893,-5851,19274
-2876,2968,-11512,-2421,-7807,13228
-108,3636,-8040,-532,-11300,6876
6384,5804,-9444,1551,-12348,1830
10820,14232,-15492,-410,-11269,944
12800,18236,-18668,278,-7088,3214
10356,16240,-15564,62,-5442,3859
6524,8200,-20368,-514,-3201,5775
336,14684,-24836,-484,6338,-8593
-4360,-1060,-11016,-5463,9262,-17215
-2544,-148,-10128,1871,7412,-17711
-8316,10796,-12348,8690,9547,-15111
-11012,24220,-15196,1937,3954,-28345
-1488,7968,-9060,-845,-9851,-23288
-996,5952,-14408,10954,-11547,923
-4972,15364,-12308,6247,-14703,-5640
1240,10572,-11488,-846,181,-14429
-5892,10780,-9756,-680,-1327,-10234
-5184,10424,-10896,337,-4384,-7855
-1972,8756,-15644,1999,-1818,-7732
-3120,13332,-17056,3060,818,-4990
-1712,16004,-13748,974,3975,-3535
-768,18692,-12372,943,8078,2043
664,22356,-17464,-3230,9562,11782
-7864,14776,-13596,-7647,7038,21807
-4504,10824,-20728,-9323,8034,18268
608,10692,-23880,-13037,18365,4616
-2024,8908,-18108,-12652,16609,1308
-8832,9640,-9448,-5835,-221,15852
-1536,10332,-11108,-5101,-6890,23471
-3900,5904,-10376,-3077,-6321,20257
-2356,1508,-11216,-1239,-6319,11804
-724,1048,-8280,199,-9894,5286
1636,5536,-8232,3707,-13782,4153
11260,16608,-13228,1788,-13330,2965
14464,21408,-21940,-4757,-7068,3650
8640,13048,-14932,-690,-5049,7471
8984,10944,-14712,-445,-4329,6718
6408,6968,-21240,80,2635,-3505
-8676,10588,-28188,-4566,12024,-14217
-5464,1888,-9260,-199,9299,-8765
-8680,7948,-7476,7075,5568,-7118
-7904,17608,-13516,3794,4131,-25134
-6584,13396,-10772,-3280,-1592,-29863
3744,5536,-13048,3644,-8378,-15021
-4812,11328,-12992,9933,-9580,-2758
-3728,14348,-12312,1781,-9577,-14785
-1272,8784,-10436,403,323,-15229
-5028,11420,-11644,1891,-2185,-10292
-4056,9780,-14332,2773,-3008,-8480
-1704,13176,-16792,3641,-493,-5888
-1984,14860,-16636,2022,1392,-6780
-2816,17128,-12604,-159,6823,-2983
-1400,19816,-13804,-1557,9814,5200
-760,16344,-16660,-4173,12494,17293
-9440,12604,-16664,-6814,5589,21417
-5164,11848,-22528,-10267,11400,12262
776,10224,-19876,-13607,18875,-201
-12936,9224,-9716,-9117,8619,7200
-5412,8620,-10404,-3720,-8313,25695
-3192,7868,-11344,-4004,-7436,20846
-3556,2520,-11168,-4127,-6214,14683
-1964,956,-11080,-611,-9720,8633
592,3672,-9936,3054,-13023,4872
6736,11648,-12184,3593,-12640,2538
11928,16912,-17096,-1417,-9149,4157
9340,15684,-15920,701,-6599,5357
9448,15832,-13204,-845,-3776,7171
6856,5564,-11848,-1083,-3771,5796
-3088,8484,-27804,-1132,2903,-12574
1624,7672,-26880,-3503,11758,-14843
-11372,5684,-6520,3073,8832,-10595
-6128,8936,-6176,9106,4214,-10898
-10124,21632,-12304,1850,1394,-16580
-5272,7176,-13784,-1828,-6007,-23482
7492,4548,-16600,2985,-9518,-13817
-5324,15204,-12628,4138,-7467,-8351
-40,12432,-10316,-149,-1144,-16759
-5820,11824,-9772,912,563,-10278
-4924,10560,-13788,2021,-3345,-9330
-2416,9096,-14456,5071,-3947,-6947
-2356,13072,-16452,4458,-609,-4359
-1148,18028,-15600,505,4905,-4215
-272,17204,-12744,1430,8745,1371
-2420,23312,-16324,-2304,8517,11737
-7736,16624,-14264,-6434,7479,23195
-5100,9908,-20880,-10367,7390,16820
-1572,11260,-24236,-11169,17916,8141
-2584,9284,-17248,-11460,16044,3591
-8664,8936,-10452,-7031,-788,16757
-4564,12308,-10436,-6945,-10868,25382
-3832,5504,-9988,-6989,-7445,23821
-4364,1384,-11156,-4027,-9068,16676
208,-308,-9896,-1698,-12084,6684
4220,5304,-9896,1514,-12324,1972
9028,12028,-12464,976,-11194,-1832
12528,24172,-18868,-2355,-8900,4027
11320,13004,-13100,-3172,-3638,4499
5616,4112,-10484,-107,-2445,3076
-3772,11620,-29492,-827,5641,-13719
11164,6932,-29760,-7921,13546,-14551
-10128,4636,-8600,2000,9527,-5256
-7132,7004,-6952,5808,7680,-14732
-11676,16632,-15688,5556,5645,-23576
-6132,8940,-10848,-892,-1389,-32768
-252,10948,-9872,6951,-7477,-12924
-1728,16104,-14308,7464,-9622,-5629
-160,13244,-13064,2847,-3258,-10172
-5612,11392,-9820,-412,113,-10348
-2712,10164,-12420,861,-911,-9793
-2496,10116,-12308,1966,-2649,-6548
-3496,8804,-15092,2273,-254,-8602
-4112,11136,-16040,2230,1280,-8182
5292,15580,-18360,373,8132,-2906
-3852,16012,-13600,1367,12404,2431
-2476,22380,-14988,-3546,10819,12898
-6864,16508,-16068,-9239,5776,16844
-3220,13192,-21848,-11540,10091,15108
1620,10144,-20860,-10261,16911,5341
-6940,6880,-14640,-7611,9994,10664
-9872,9024,-11884,-2160,-7322,28582
-2676,7800,-11656,-6827,-4653,21968
-3980,4112,-8772,-4210,-4927,18021
-2280,2516,-9740,-2519,-8086,9726
968,4824,-9080,1,-11476,3908
4400,6260,-9328,2017,-13219,2113
13844,17152,-17412,-1585,-11792,4910
13196,16984,-15512,207,-5812,3623
7640,10812,-14284,-444,-3136,4228
7400,9924,-14528,-537,-3134,5335
-4532,14224,-30592,-2005,6546,-17579
-768,4528,-13324,-7559,11782,-18851
-4048,3104,-8112,2844,8311,-12932
-7124,11476,-10068,10399,7887,-7244
-11340,22976,-14576,331,340,-22663
-2528,6684,-9992,1530,-10326,-18809
2164,5988,-14120,8517,-14047,-1100
-2796,13616,-14316,2650,-10075,-9764
1640,10616,-11656,230,1418,-14305
-5856,12412,-10336,968,-944,-9436
-1796,10220,-14112,2230,-2253,-6158
-3940,10048,-15028,2490,60,-8605
-3476,12324,-16272,3794,-639,-4613
-1816,15988,-14716,2096,3091,-4161
1532,17068,-13904,1487,8801,-649
-2480,22168,-15204,-1473,8497,8747
-3872,17396,-12828,-5333,8381,22300
-2876,11456,-21496,-11076,7125,17018
-852,8632,-24844,-11285,19082,2527
-2132,10676,-15736,-12639,17817,-826
-10780,9536,-6940,-4152,-1561,17965
-1104,10992,-10656,-3206,-11176,28018
-2316,8004,-11184,-5173,-5826,21984
-2796,2556,-13536,-4017,-6551,13801
-24,188,-11672,-1946,-9668,7540
3600,4212,-8344,607,-10663,2202
9104,12568,-11816,1031,-10303,1282
10580,19740,-15700,-953,-5943,6304
10340,19128,-15420,-1424,-5608,6227
8724,8136,-13168,-2277,-2460,3709
6784,4752,-16896,-108,-128,-1668
-6448,16548,-29952,-552,10802,-15724
-4168,1268,-11892,-3837,10884,-11294
-8632,6148,-10644,4023,9834,-7035
-7876,9800,-14096,8195,9894,-19886
-10008,19636,-14812,1811,3037,-32425
924,9276,-9872,3223,-10721,-19849
-2644,9900,-13060,10543,-10856,-3300
-1688,14628,-12380,3805,-10606,-12767
572,9612,-11896,1849,-339,-12810
-3908,10696,-12556,3006,-3697,-8725
-1080,12248,-13716,3144,-4254,-7821
-2640,12928,-13860,2401,-62,-6992
-4800,13764,-15388,1766,1810,-3308
204,15448,-12824,1672,4914,-585
-3564,19336,-14620,-276,6225,5907
392,18528,-15688,-2594,8726,19850
-9088,9904,-18252,-9171,6743,18742
228,8028,-26840,-8193,14453,13878
-2168,8352,-19988,-13980,22963,-4697
-8068,10000,-10600,-10026,11102,4874
-4460,13036,-9688,-4803,-7449,24955
-2280,8108,-10940,-4775,-7656,26303
-2748,1984,-12088,-4337,-3998,15358
-2136,-632,-10248,-2251,-6868,7368
-288,4776,-8096,582,-11279,2272
6320,9236,-9764,2700,-13275,1964
16080,20272,-17332,-1136,-10829,4968
12520,21420,-17820,-3199,-5261,9240
10028,16036,-13220,-1473,-5413,11650
10008,2408,-17484,699,-1142,4252
-9572,15364,-32768,-3886,10405,-19822
-4184,352,-12792,-2182,10299,-14145
-8128,6460,-8820,6831,7310,-8670
-6832,15760,-12656,7989,6028,-26121
-10604,18640,-11668,-250,-76,-30381
3620,4744,-13872,5912,-14413,-10667
-3308,12584,-12828,11530,-14869,-1178
-960,13236,-12268,2344,-9215,-15212
-2908,10364,-10480,-872,375,-17583
-3728,10064,-11028,513,-503,-12730
-3472,10328,-14752,1796,-2830,-8764
-3160,13308,-16828,3457,-70,-6298
-2412,16280,-14660,1607,2804,-4236
-1672,16140,-12868,1077,5720,-395
108,19240,-15244,368,9044,5752
-4972,16088,-14772,-4041,11007,17399
-10112,16220,-16784,-9577,5827,22839
-392,12976,-24520,-11029,11959,18299
-140,5944,-23528,-11445,22348,3675
-8152,5792,-13756,-12395,16722,1119
-6864,17204,-8388,-5089,-12521,32767
-612,7132,-11616,-6130,-7992,31094
-5312,-304,-10476,-3523,-5957,17759
-3128,-1556,-9344,-2264,-9801,9782
1800,2472,-7032,-378,-14645,2940
9060,8692,-10816,1164,-13735,-2738
14692,18140,-23732,-945,-8964,4105
13732,18524,-17276,-2378,-4117,8564
7188,4208,-8756,-684,-2964,5265
2716,7760,-23280,1897,3199,-10285
-456,12820,-26768,-7688,9882,-21118
-5320,1424,-7648,666,7163,-12727
-5916,6764,-7612,10958,5488,-3673
-9656,16912,-13240,7061,2055,-20541
-8744,13504,-13172,-3015,-4618,-26787
3800,5288,-13768,40,-10011,-22914
-2628,11856,-13276,7142,-8883,-3366
-3780,13116,-12704,-940,-4638,-18508
364,9408,-10684,-616,3669,-15679
-6384,11020,-12080,1959,-976,-10637
-3312,8724,-12732,4417,-3473,-8470
-2012,13340,-15496,4964,-1642,-5810
-1120,16832,-15260,1219,3339,-5626
-2156,16924,-14060,150,7281,-257
-280,23084,-17572,-2992,8991,8223
-6412,15504,-13896,-5791,9221,23352
-6876,9800,-20164,-8917,5721,20068
-600,9444,-24308,-9386,16742,10634
-1052,9616,-20160,-13389,20442,1118
-7908,8508,-13440,-10634,12467,6389
-3612,12104,-10204,-4707,-10054,30442
-1024,5100,-12364,-5362,-4654,22056
-3464,332,-11240,-3844,-4546,14783
-1836,676,-8044,-365,-10123,8545
3104,4568,-8844,1520,-13669,3462
10672,11516,-13304,957,-11641,-1322
12580,16208,-19284,-2962,-7413,894
10924,14668,-13896,-581,-5389,4362
10716,9596,-12208,-350,-2640,5386
7572,8084,-22248,-1462,3182,-4653
-7948,12612,-28132,-1598,10433,-10667
-6988,1952,-7992,1202,8716,-7560
-7004,7028,-8004,6527,6801,-10646
-8540,18388,-13436,3743,6824,-29936
-9728,12824,-11908,-5732,-2328,-31757
7028,1292,-15800,8249,-12044,-2683
6500,1016,-15984,10233,-10884,527
-5808,15884,-10628,-827,-3318,-22709
124,13112,-8628,449,3190,-18712
-5228,12616,-10512,2062,-3189,-8579
-2644,9508,-13304,2031,-3456,-7522
-3500,10528,-15564,3370,-498,-5976
-4036,14296,-16256,2342,1230,-4901
-3020,15860,-13692,1063,4615,-3931
380,16288,-13032,2690,6393,1910
-140,20496,-15148,-303,6855,11142
-5332,15464,-14796,-3733,8009,22485
-5888,13028,-20784,-9871,7134,17546
-1236,10944,-24004,-9676,17003,12588
-840,8852,-18428,-11731,18371,3542
-11028,11008,-7516,-6690,718,17653
-5004,15036,-9416,-6969,-12781,32405
-2764,6304,-12384,-5637,-7154,28393
-2796,648,-13760,-3387,-6429,15863
-1472,-1704,-11468,-4218,-9090,7277
2308,1820,-7448,-937,-12240,1248
7872,7268,-9272,2732,-12331,-4055
17476,21584,-21764,1427,-9946,4608
14144,23256,-17356,-3340,-4360,6195
6668,2392,-9120,-2745,-3052,3138
3052,8660,-28404,2551,3536,-9144
-568,9884,-22528,-7157,9267,-17724
-6040,68,-8316,1308,6625,-9690
-6080,6972,-8908,9445,6354,-6698
-9748,17328,-14288,6104,4409,-27122
-9020,15808,-11232,-3238,-3362,-29246
5088,6820,-13824,3701,-11232,-14059
-5188,13708,-13256,9519,-14328,-650
28,13028,-13888,1488,-10265,-13575
-1808,8760,-10128,-2143,2959,-16971
-5212,11796,-11060,2127,-3490,-9081
-1840,10376,-14632,3630,-4757,-6054
-3416,12556,-15432,4021,-774,-4230
-2616,14352,-16536,1661,2719,-4891
-4964,16636,-11732,1318,5684,-1386
1124,19488,-15836,-2492,7437,6505
-1644,15024,-15004,-4313,10678,19964
-6476,10708,-18340,-10796,9630,14067
-56,12720,-27156,-11760,16582,8947
-1952,10988,-21384,-12904,20359,4087
-9024,9496,-12148,-6304,5720,14959
-4184,11760,-9876,-5207,-10909,32767
-744,4636,-10836,-4806,-1259,18107
-3468,568,-11580,-1769,-3839,13792
-2548,624,-9288,635,-8665,8082
2064,1712,-8552,2439,-12836,1043
11028,10048,-13192,3343,-11777,-6378
17484,25524,-22324,-2210,-6905,164
9952,15220,-11184,-2435,-2412,5311
8536,5496,-13080,-2125,-2510,4133
-7884,14704,-32448,-2205,5690,-12826
-240,2552,-17848,-1152,9156,-7790
-10588,5552,-7084,7622,4749,-3466
-5712,12192,-9456,8952,5709,-18953
-11284,22140,-13296,-2253,2655,-26384
-240,4096,-14352,-2944,-8871,-31317
3312,8460,-14516,11139,-11352,1293
-5032,17064,-11084,4463,-10927,-8725
2068,12640,-10652,-1154,713,-14635
-6076,9636,-10932,-1803,-804,-10820
-4824,9752,-12524,1591,-5842,-6471
-2512,9020,-15364,2268,-2442,-8415
-4076,11804,-16448,4178,-1705,-3326
-2872,16068,-14508,1316,2399,-2992
-3180,16956,-13492,551,4606,4
1624,19440,-15856,-940,9553,5691
-3244,13452,-13796,-3239,11804,17669
-7784,13836,-16384,-7776,7859,20358
-2440,12688,-21856,-9395,12684,13355
-2120,9992,-19580,-12234,19990,4557
-5344,8712,-13164,-8795,7557,9847
-6908,12192,-8736,-5346,-7373,25715
-1196,10316,-10048,-6070,-7334,27616
-1896,5784,-10900,-6040,-5725,22291
-2232,128,-11260,-3035,-7636,9435
500,3748,-8416,-1803,-11976,2991
8616,6048,-10300,1894,-13513,-906
14196,16328,-18428,-641,-8152,-1787
11912,21420,-17304,450,-7659,6949
11084,19228,-13208,-879,-6519,8171
8328,8304,-20524,633,1335,-1017
-9644,12560,-24356,-5755,8539,-13198
-3696,-1860,-9900,-1194,6090,-10446
-7176,5360,-9348,6961,7867,-8252
-7944,13676,-13576,9608,6654,-25363
-10416,22164,-12600,-646,-1196,-32768
4652,6196,-11384,2326,-12184,-10116
-5940,12800,-14612,9766,-13087,-3386
1360,12208,-13736,3687,-11676,-11327
-3292,11012,-10444,-1039,1150,-16573
-5424,11544,-10716,358,-2110,-12727
-3668,11772,-12560,2082,-5569,-7790
-920,8864,-16128,1499,-612,-6954
-4016,14144,-16376,967,2643,-6083
960,18368,-14464,-911,7050,-2090
-2344,22492,-15896,-2698,12014,3762
-1888,16264,-15636,-5106,16380,18163
-10444,12480,-16252,-9812,7847,19817
736,12872,-25324,-9783,13330,13839
-4064,10672,-17256,-12352,19979,2993
-10332,11692,-10496,-8017,3144,15839
-4600,11532,-10436,-3972,-14350,32767
-1888,3796,-11108,-4905,-4767,23044
-3532,-372,-12912,-4129,-3713,11486
-2856,1664,-10244,-1805,-9762,7534
5484,2332,-7664,2216,-14014,-424
17088,14476,-14064,3871,-12555,-912
16032,20444,-22572,-178,-5311,-291
8916,11628,-14276,-1281,-2605,5743
12036,11488,-21236,-293,1440,1719
-9408,11172,-20844,-5133,7772,-15663
-2480,-396,-12140,752,5491,-7189
-7460,7692,-10104,9105,5783,-3681
-7388,18828,-13160,3787,7002,-30648
-8880,10440,-12336,-5807,-2278,-32248
3056,4616,-14556,8810,-10569,-3474
-6652,13680,-10976,9228,-14517,-2087
-3868,14256,-12072,5662,-14605,-8350
-1812,10212,-11792,-1599,3955,-18057
-5032,11308,-12156,2194,-1821,-12809
-3272,9944,-13720,3295,-3559,-10136
1020,14580,-16676,3288,97,-5811
-1444,16644,-16492,949,5543,-4545
2120,17252,-13368,1335,8344,707
-448,20736,-13616,-503,12576,11884
-10148,14796,-14620,-8019,12729,19512
-9400,12700,-18248,-9605,5835,20248
2204,13912,-25224,-11824,16193,8314
-2088,7908,-16908,-13280,20436,-997
-10600,11028,-7064,-7970,-3016,16863
-4772,13960,-10960,-6471,-16643,32767
-3012,3164,-12528,-6127,-9228,25326
-4356,-1456,-12108,-4034,-9852,16129
-1168,-480,-9988,-1914,-13856,7444
5432,4044,-9092,576,-14641,-159
10372,13696,-15784,607,-11239,-2583
16396,25596,-22368,-1489,-9349,9608
10256,12872,-11060,-1889,-3502,8073
5024,6268,-20656,985,-1741,4469
-14020,21940,-30104,-5687,8260,-14021
-948,-1428,-11048,-2595,8769,-8240
-8520,3620,-8240,8170,5699,-3291
-11208,12476,-15764,10568,7127,-24090
-11828,21504,-17520,-1291,879,-32768
3732,7072,-10328,4195,-9794,-16786
-4636,12576,-13764,9080,-11370,-3235
-1904,12880,-14600,2535,-9652,-15306
-1692,10220,-11652,-1624,6435,-19733
-6736,10256,-9416,-561,791,-16428
-1908,10248,-12544,2425,-3819,-8732
-1360,11580,-16168,2569,774,-6818
-2768,16076,-15344,1430,3249,-4779
-3308,17164,-12808,-365,5590,-769
-4412,22720,-16020,-1156,6233,10077
3000,15060,-19276,-6221,13041,20170
-7820,5276,-16748,-8573,11065,16165
-112,13724,-24732,-12069,19160,4158
-3108,15148,-16220,-14249,21203,-418
-10224,10260,-9968,-4437,-1754,21558
-9628,10512,-9640,-2460,-13826,32767
-1628,5348,-10808,-5745,-4691,22613
-4416,2344,-12268,-5160,-5374,11584
-1236,1304,-9756,-3022,-9993,5179
1224,3436,-7920,-154,-12890,369
7584,8324,-10548,3570,-13871,678
18084,23160,-21732,-2733,-7907,5483
9848,17140,-11448,-1621,-5367,9903
9460,14996,-11744,-1834,-5447,9561
7536,5176,-24428,637,2083,-3720
-15604,17964,-29096,-5563,9707,-20868
-1184,-1332,-8320,-3694,9436,-15652
-5108,3804,-10316,8088,10330,-12416
-10032,15532,-16360,10316,10119,-20856
-11804,15976,-11008,-1262,-3070,-27953
1832,8080,-10844,6276,-8782,-13964
-2840,13112,-14516,6100,-7369,-6684
-3724,13176,-13916,-834,-2862,-18172
-2456,10852,-9944,-646,3186,-14457
-4876,10344,-10976,2189,-3586,-8174
-1976,8912,-13852,3394,-2806,-7975
-3472,11676,-14540,4615,-959,-5860
-1856,17116,-15896,1438,3112,-6012
1656,16204,-13260,847,9519,-2202
-2480,21952,-12556,-1056,9645,7537
-9100,18008,-12804,-7057,8625,23267
-5768,12848,-21980,-13031,5115,18642
-852,9816,-29744,-9774,16805,14185
-72,8308,-19352,-15698,20717,-3640
-11192,10368,-7280,-8592,622,14664
-4956,13988,-8572,-4954,-13421,32767
-2088,3784,-11892,-4424,-7070,26472
-4888,-972,-11840,-3318,-6345,15003
-1704,-196,-10216,-595,-10842,9120
2808,3100,-8332,1093,-12976,1514
10324,10904,-12600,2004,-12168,-166
15844,22172,-21868,-3168,-8282,3978
12100,14196,-14456,-100,-4661,5372
8332,4216,-15028,-1559,-1707,2270
2108,17468,-32768,-891,7178,-10517
-7808,2880,-10292,-3461,9894,-12569
-6396,852,-8156,4136,5378,-10956
-5828,9880,-14000,10800,8139,-17393
-9712,21016,-15800,2062,5184,-32768
880,7924,-10384,-1069,-7006,-25702
-2400,8100,-12756,8895,-10772,-2060
-2728,13716,-14488,4472,-10248,-7886
-484,10736,-11788,-1249,172,-19732
-5116,10944,-8884,-524,1451,-16554
-3728,12416,-13240,3692,-5389,-7098
-1348,9160,-14884,4977,-3254,-5850
-3140,12820,-14596,4565,-248,-4538
-928,15524,-15592,740,5014,-4374
1860,15856,-13664,598,10046,-715
-1112,21968,-15376,-1853,12470,10190
-8388,16448,-15928,-8818,4334,23761
-6816,12172,-21496,-11647,2972,18389
324,8400,-24568,-9371,18068,9149
-1088,8168,-17112,-14014,18722,-4380
-11292,9960,-8628,-6290,-1679,16983
-2140,11484,-10856,-6396,-12111,27950
-1616,3720,-11036,-5016,-6646,21467
-3668,1064,-10668,-2861,-6627,12166
-1500,1500,-9216,-726,-12297,7727
3452,5196,-8836,1894,-15142,3717
8600,12512,-13556,687,-13319,1475
14204,20852,-20276,-2862,-10553,9271
9732,14884,-13452,-2194,-3882,6564
6328,4264,-11640,-2432,-3453,4232
2836,11388,-30764,1384,3620,-5193
-5252,11436,-21240,-4730,8738,-9858
-4544,-172,-7292,2650,5805,-7765
-6640,6108,-9068,8773,6289,-9005
-9692,19892,-18364,7196,4750,-25763
-6616,11904,-12464,-4629,-3987,-32768
-380,4676,-10016,5799,-9608,-8536
-4176,13128,-14748,5626,-11080,-6132
-3164,12148,-13292,-2259,-5144,-22160
1028,9044,-11416,-1533,4544,-17363
-6720,10384,-10672,1365,-1561,-10493
-3012,8300,-11956,3480,-2424,-8233
-3972,13512,-15428,4103,-822,-6362
-2212,16308,-14568,885,2993,-4705
220,15980,-12828,-458,7147,-1889
992,18704,-14156,688,10395,6487
-3100,18156,-15340,-4373,12942,17013
-9464,16096,-18952,-11110,2391,21317
-456,11952,-27752,-10948,11153,18584
-936,7644,-22248,-10483,20624,6045
-9660,8480,-12928,-11008,11049,8867
-8052,12952,-9412,-4748,-11079,32533
-968,4304,-10916,-6067,-8405,30629
-5028,-720,-10240,-2207,-4439,13432
-3796,-464,-9988,-1796,-8514,9053
1548,2872,-7356,522,-13689,2335
12680,9876,-12632,5127,-13289,882
17848,24992,-26004,-3680,-5948,4716
10936,11544,-11568,-1169,-5315,10487
9112,1792,-10524,-1567,-3754,3125
-1928,12264,-28624,-1350,5096,-14059
-824,7436,-21040,-4700,9862,-11741
-8144,780,-7960,4985,6123,-7840
-4968,8652,-10684,9453,7199,-18284
-11652,22912,-14680,2751,7128,-32768
696,8896,-10976,-4358,-9499,-32768
1292,6000,-13032,11179,-12848,2920
-2880,14080,-15012,6340,-12792,-3420
-600,9232,-12540,-3189,-800,-19706
-3148,9040,-11712,-3546,6777,-17772
-4208,10456,-15476,-1503,1927,-12878
-3008,11832,-15376,2021,1810,-12797
-2988,15244,-10008,5937,534,-5684
1208,22212,-10064,4152,-168,-1299
3500,15504,-14872,1177,5746,6811
-1492,17840,-20580,-3838,12054,15605
-8900,15548,-17136,-9034,10287,18113
-2744,11300,-22644,-9771,9383,12561
-1616,12268,-19760,-10716,17392,6090
-168,11924,-16092,-13496,18917,-439
-9492,10756,-7656,-1498,-12485,32767
-4204,7132,-13812,-4993,-16227,32767
-3952,2096,-11912,-3891,-5682,20129
-3032,1544,-14448,-4156,-7121,11684
-396,1192,-9456,-3916,-12528,5313
6436,3536,-8952,834,-12956,-2878
9364,14432,-17492,1134,-10851,-4218
16948,21596,-22200,-2804,-8684,5356
9268,9448,-9468,-1887,-1162,2725
7500,7536,-9332,-1791,-1109,2167
-9496,16728,-32768,-2812,7255,-19120
2972,3208,-14964,-3947,11304,-13259
-7352,3940,-7544,6031,5752,-3715
-5568,9028,-9808,8196,6730,-13364
-13636,23384,-15512,277,2965,-24721
-2840,5948,-11848,-3771,-5584,-30287
1100,9124,-14500,7029,-9311,-4225
-3492,15092,-14724,2496,-6417,-13684
-1312,10552,-9340,-297,1299,-18739
-6448,11488,-10212,2566,-3151,-9785
-3456,10788,-12788,5137,-6415,-6264
340,11848,-13580,6017,-4159,-2888
-1364,14240,-16848,2078,159,-3472
-1380,15060,-14064,-184,6924,-2167
-2028,21016,-14588,-1018,9903,3846
-1652,19368,-16896,-5156,13517,18718
-8964,9640,-18036,-10491,6882,18788
-664,9952,-27776,-9268,13186,14726
-1612,8924,-20136,-12892,23028,-712
-12692,11692,-6192,-9448,8781,9217
-3776,12508,-10956,-5223,-12559,32767
-404,5112,-11232,-4713,-6237,25030
-3456,1028,-11392,-3587,-4196,12680
-1476,1676,-10768,-1707,-8086,6998
1752,4116,-8316,1533,-12072,2472
8640,8644,-12572,3279,-12021,-999
15916,18856,-18096,-1796,-9058,603
11672,17460,-16080,-51,-5357,5405
8568,7880,-10404,-834,-5381,8281
6732,6292,-21580,1048,78,-4120
-6144,14300,-30228,-3153,8907,-13767
-6084,2076,-9320,-131,7921,-8217
-7988,6848,-7804,7522,4266,-5101
-6804,15164,-10960,4634,5304,-21148
-11564,17808,-13876,-3932,-599,-25801
4700,3788,-14492,-1825,-9254,-24687
-212,8596,-13536,7860,-7993,-2290
-4704,14916,-12476,14,-4670,-17094
1024,10024,-10856,-671,1541,-18181
-5028,11680,-11332,1586,-1366,-10407
-4572,9308,-12828,3047,-1566,-10597
-2352,11684,-14156,5116,-2526,-7200
-3728,15436,-16084,3429,116,-5209
-376,15928,-14852,313,5250,-3691
-2200,19116,-12284,556,10001,2351
2512,20444,-14220,-2129,10077,18859
-5552,10220,-16440,-7080,6836,21648
-5868,9992,-24112,-9099,9044,15844
-2004,10220,-26152,-8896,13265,12348
-5448,10864,-13756,-12132,14893,4041
-9060,11196,-8608,-3170,-5220,21886
-2788,11404,-11376,-5901,-13124,30421
-2484,4724,-11268,-5567,-6815,21583
-3364,448,-10756,-3484,-8788,11918
-756,1084,-9340,-1770,-12212,4458
4364,3604,-8452,1670,-14805,110
14884,14960,-16436,2679,-12962,471
16192,28344,-23708,-4739,-5272,7583
11972,18704,-13900,-4068,-3800,10963
7940,5944,-24284,672,2930,562
-9056,13284,-25652,-5467,8547,-13218
-2532,-1964,-12072,699,5631,-7765
-8724,6460,-10272,9763,8187,-7998
-9856,17000,-12908,9698,7033,-27944
-12660,19016,-8592,-2129,-5229,-24864
7984,7676,-14484,-285,-12933,-24668
-1768,10976,-14152,6959,-9098,330
-3544,12540,-13928,1827,-10426,-10377
-236,7704,-11544,-3509,2754,-19195
-4784,10952,-11764,520,621,-15227
-4308,10648,-13064,5898,-5347,-7280
-1712,13220,-14600,6833,-3566,-3298
-660,17044,-16140,1182,2967,-3466
-1288,17164,-11292,-391,8532,-697
-2408,22528,-15144,-3538,6777,9448
-692,16000,-16420,-4495,10596,25643
-9204,7580,-21304,-8971,7774,19221
1284,10240,-26800,-8178,19450,11408
-5712,10180,-15536,-14833,19020,925
-8976,11828,-7484,-6192,937,14685
-2828,14216,-8072,-7343,-11003,29149
-1700,5372,-11284,-5321,-7600,20661
-2428,1052,-13680,-3775,-6506,12272
-788,-608,-10220,-2992,-9688,5476
2096,2300,-8368,1616,-13321,809
9708,12736,-12324,3915,-13057,571
16048,21796,-20760,-3926,-5988,5205
8748,16892,-14112,-1322,-7190,11497
8864,4404,-10920,-1178,-5327,6376
5924,5128,-16604,992,-146,-2491
-8768,15532,-32768,-3140,6544,-18255
-7020,4460,-11864,-1676,10282,-14319
-6584,4512,-6840,7145,6687,-10454
-6032,11072,-11056,9080,6753,-17784
-10648,20492,-13860,249,1221,-28468
-1148,6960,-11596,-1260,-7571,-28901
-36,11012,-13740,9474,-6593,-2323
-6148,15120,-11940,3475,-8187,-11029
320,10004,-10648,-1473,-902,-16641
-6012,11364,-9716,-1029,1720,-13289
-3832,9776,-13420,1906,-3664,-6808
-1704,9664,-16564,3654,-2252,-4823
-4608,14280,-15132,2119,2081,-6042
-2220,15932,-13812,73,5403,-4486
912,16152,-13020,1316,7740,-278
-2236,21820,-15404,-732,9259,7490
-4064,17152,-14132,-3025,9065,22973
-9344,12496,-17532,-9673,5683,23329
-728,10088,-25988,-8668,13971,18860
-2216,7716,-20096,-13447,21550,535
-9488,9724,-9212,-10785,5058,8860
-3848,14784,-8132,-8884,-10764,29150
-2572,7272,-10756,-6048,-9047,28838
-5272,656,-12156,-3409,-8815,16213
-1620,-1072,-11656,-3842,-10007,6111
2528,1812,-8280,105,-12263,279
5852,7860,-10412,3570,-12886,-2021
15120,20604,-22356,-68,-9818,3509
11920,24740,-14244,-987,-6638,8849
7640,5204,-8088,-2106,-3530,3776
1484,3208,-16852,2341,-1711,-5832
-11220,17004,-32768,-2170,8185,-18249
-5756,4672,-12864,-2381,11584,-12247
-8852,4640,-5172,8308,3189,-842
-5688,9868,-8740,8038,1289,-10773
-12028,21952,-15112,421,-1850,-22443
2064,3676,-11784,-5294,-4748,-31045
-380,9144,-13996,5804,-3726,-5702
-7812,15664,-11736,1998,-7160,-12792
1208,9588,-11052,-10,-504,-16711
-6296,11092,-11140,945,724,-11887
-5128,11424,-12208,4544,-5633,-5763
904,12444,-13528,5422,-4191,-2797
-4784,14484,-14568,2990,58,-2961
-1032,14036,-15916,294,4906,-2966
-2972,17072,-13664,-181,8720,423
2992,19944,-15800,-2680,9312,11004
-1404,10180,-16404,-6146,11003,20855
-6232,9544,-22936,-10148,10869,14814
916,10772,-24812,-12606,21915,1872
-6400,9260,-15124,-9300,12870,6079
-9524,12020,-7796,-3689,-2705,23779
-2320,9896,-8596,-5808,-6375,24508
-3264,5140,-11612,-5888,-3188,14185
-3556,2004,-10992,-3101,-7424,12005
-2040,988,-8972,-1237,-11155,5870
2584,3236,-9004,1098,-13972,-586
10688,11644,-12740,3286,-12831,-3136
18076,27548,-24516,-4909,-4488,2743
8788,13568,-11300,-1785,-3902,10501
8280,4328,-11060,19,-3797,8061
-5760,12236,-27020,-1044,6129,-13898
4968,4432,-22044,-5946,10855,-17312
-9876,4552,-11040,5305,5827,-5791
-9124,6972,-9872,9568,5800,-2620
-9956,20592,-15428,3294,5023,-27980
-6332,9496,-11864,-898,-4672,-30143
3800,9648,-12508,6477,-8550,-10236
-5052,15240,-14088,5825,-9817,-4098
-1024,11216,-12260,-1056,-3957,-15433
-2992,10984,-11792,-795,2535,-13067
-6644,11384,-11604,1973,-2859,-9477
-2392,8740,-13240,5044,-5257,-4543
-3592,13084,-13840,4578,-2306,-2918
832,14672,-15920,203,3138,-3058
-2792,15004,-14196,-429,8806,-1345
1476,21832,-16148,-2928,8814,9187
-3608,11852,-15096,-7333,9616,17952
-5712,10584,-23864,-9908,10196,13110
508,12412,-22740,-10121,17049,7165
-4104,9744,-16548,-9014,14186,8342
-6336,9564,-11716,-4977,2626,15784
-3272,10224,-10032,-6598,-5556,21435
-3324,6872,-10544,-4328,-5044,20863
-3844,2544,-10408,-3060,-7471,14148
-2492,252,-9076,-1066,-11388,8665
2132,2280,-9268,1678,-14043,2296
10824,10252,-12616,3250,-11672,-866
17980,26244,-23464,-5478,-5540,6090
8236,16956,-12108,-1101,-3734,11363
6448,4624,-10000,-823,-4887,9725
212,8020,-20580,-158,5281,-8341
3424,6720,-28972,-6207,11251,-15417
-8628,1176,-11840,3209,8249,-8868
-6356,6964,-8020,10037,8162,-14045
-8736,18852,-14488,10321,7061,-27005
-9296,17860,-10844,-3112,-3454,-32768
4224,6576,-13392,8007,-12217,-5029
-3808,13088,-14256,9888,-16301,822
-404,12456,-14556,311,-8665,-14087
-1816,9532,-11272,-2345,4862,-17395
-5668,10888,-10872,1815,-3309,-9753
-2676,9204,-13004,4526,-6015,-5487
-1680,11072,-15256,5574,-2307,-4212
-908,16140,-14584,2635,1061,-3459
-1324,15604,-12184,-11,7299,-1506
-4124,21860,-14492,-2029,8067,7592
-1556,19836,-18028,-7103,10590,23132
-6000,7448,-23868,-10201,6484,17398
404,10340,-26808,-7627,16962,10931
-2384,8436,-17140,-12533,19996,-2322
-8284,11308,-9308,-7722,5706,10812
-5048,11568,-9420,-4863,-9169,25181
-4264,4440,-11292,-4257,-6843,22136
-2308,1224,-12212,-3336,-5057,13034
-1788,1952,-10200,-456,-8557,5524
332,4508,-8228,1588,-11255,2314
6824,10632,-10524,3206,-13027,1933
17116,26248,-21832,-4849,-7929,5940
10008,14232,-12544,-2466,-4792,10727
8420,8700,-11128,-145,-7084,13382
10988,8616,-27772,-164,850,3388
-10584,9196,-21000,-5123,8803,-12913
-1700,-4788,-13988,351,7669,-12219
-8432,7740,-12148,9875,10627,-13638
-8232,15808,-13800,10181,8736,-30078
-10928,17436,-9064,-1867,-1530,-29919
4956,7624,-13628,2823,-11298,-18634
-3068,14116,-12656,8826,-10942,-1573
-2448,12900,-13048,2065,-8854,-11437
-1540,9860,-10404,-1817,939,-14766
-5696,11256,-11504,935,-3169,-10572
-3228,9228,-13960,3558,-6030,-5850
-2108,10960,-15944,5468,-3438,-2689
-1048,15544,-16208,2019,981,-4351
-1204,14264,-13444,-556,7728,-2521
-2624,20840,-12364,-65,10213,4051
-3576,21164,-14696,-4740,9320,21279
-8772,11380,-20412,-9854,2154,21342
-4260,8556,-25308,-8457,6104,20090
-988,8308,-20004,-12518,19249,961
-9132,9884,-10892,-9531,10402,7124
-9008,11568,-8348,-4419,-5176,22481
-3868,6588,-11436,-4407,-10096,28094
-3884,892,-11800,-2764,-5262,18114
-3412,-708,-9696,-2212,-7277,9005
-364,2448,-6592,1643,-12703,4071
7788,9016,-10996,5502,-15390,2339
18020,22956,-22744,-1797,-9637,4663
11424,16672,-19140,-2761,-5137,8063
8996,12720,-14956,-1113,-3521,9316
9328,5440,-17732,-1064,-2751,5493
-11684,15352,-29012,-1896,7091,-13861
-2864,-3852,-14440,-2627,8742,-12370
-10036,6148,-9784,8264,8215,-11488
-5200,16276,-13248,10937,9714,-28003
-10924,23796,-9084,-4455,1105,-30082
4196,4860,-14752,1278,-13970,-16329
-2860,11556,-15936,9652,-16100,2715
-908,12044,-14252,-612,-6648,-14921
-2348,9848,-10396,-3652,5764,-19498
-5972,12580,-11796,1270,-1326,-10852
-3976,11388,-12000,4214,-6342,-5747
1380,10804,-15228,5607,-4117,-3424
-3236,13960,-13792,3249,332,-3164
-2152,14972,-12336,58,4911,-2067
956,16760,-12736,-108,7850,3379
1320,21608,-17948,-3528,8604,15176
-9616,15252,-17264,-7540,7610,24911
-3348,8512,-26244,-10075,11055,17322
1076,8280,-25676,-13128,24460,-158
-5356,9352,-13260,-15272,19676,-4797
-6976,14184,-7268,-4488,-9027,27652
-3272,9448,-11028,-4925,-10049,30166
-3228,1080,-12864,-4826,-4539,18089
-2332,-1840,-11460,-3318,-6727,10776
336,2076,-8628,566,-9936,622
4528,5360,-9364,3590,-12043,-2921
13512,18628,-16584,1596,-9800,-2409
16004,25664,-21088,-3653,-5900,6349
10196,19188,-12324,-2603,-4688,8270
7380,2432,-9312,-791,-4298,4480
-892,7612,-24152,479,3553,-13269
7144,7572,-31372,-5517,10604,-16759
-11272,5612,-8664,4326,8958,-7219
-6364,6892,-5396,9752,5125,-6593
-8324,18176,-12176,5878,3724,-21687
-9332,13828,-11240,-2334,-2776,-28969
5552,5360,-14288,-1760,-10256,-27217
-3292,12652,-13752,8353,-8023,-1190
-4276,14052,-11668,1091,-7659,-13787
-1988,11392,-10376,-325,859,-12887
-5184,12856,-12336,-83,-1012,-10977
-2740,10060,-13724,2064,-3087,-6257
-2512,11936,-15720,3739,-576,-4693
-3756,14660,-14436,3086,631,-4394
-1580,16140,-13316,1296,4561,-722
-728,16476,-13972,1227,7285,3906
536,17712,-13740,-1797,9887,17802
-5508,15028,-13200,-4876,8362,22689
-3332,11808,-24260,-11023,9715,18487
-952,9536,-24776,-13167,21765,4699
-5348,8244,-15692,-12573,18048,-1197
-6788,12016,-7652,-6286,-2560,18707
-2992,12368,-7960,-6551,-9642,27320
-3076,4672,-11888,-3056,-6139,20205
-3144,-288,-11584,-2040,-8535,12686
432,440,-8992,116,-10693,2194
5416,7272,-9640,2311,-12077,-2644
10964,16424,-15268,581,-10254,-2731
13276,23048,-16608,-591,-10011,5733
12104,24380,-13932,-211,-8701,7297
8764,5784,-12012,-2795,-2935,4574
-284,10832,-31940,697,3751,-10162
632,5928,-20988,-4595,10007,-12106
-8020,1664,-5900,3464,6892,-9786
-5264,8460,-8160,11511,5706,-6436
-7380,20096,-17076,7057,4793,-23099
-4472,10460,-10408,-5331,-3020,-32563
-392,3452,-11264,8335,-9250,-1548
-6864,14900,-13636,7891,-14349,-425
1196,12768,-14560,-44,-9523,-13075
-3768,9988,-10256,-2715,2891,-14289
-4752,11432,-14100,-294,-1371,-10707
-1844,9768,-13712,3769,-4731,-3910
-2164,10492,-14124,3457,-586,-5311
-1648,12888,-14404,1986,2629,-4602
1880,13604,-12720,940,7174,-1472
-6396,19152,-14708,-1520,10064,3960
-5752,21844,-19232,-3537,8300,9380
-3272,10924,-21228,-9119,7796,16672
-812,8032,-21508,-9311,18619,8433
-732,10032,-17696,-12361,19975,-2047
-10708,10268,-9092,-7164,8004,8980
-1636,12184,-11588,-6065,-7586,23861
-1924,5908,-10392,-5521,-3598,18394
-2260,5548,-11116,-4310,-5032,13158
156,3720,-10512,-2714,-8816,7380
1380,4068,-7876,-314,-11105,3093
5444,8944,-9540,2914,-12964,3455
11424,18392,-13880,-773,-13334,5440
12836,19860,-16680,-1581,-10241,7683
9748,11456,-17328,-182,-4780,6641
9500,11076,-17248,-421,-4259,6949
-2344,10708,-31004,231,8148,-14845
-4564,3884,-16300,-2249,11817,-14082
-6380,5092,-7044,5897,6620,-11750
-3956,11008,-10276,11676,7915,-18645
-10116,22852,-13708,1061,4969,-28427
-2072,5196,-9660,-3265,-8869,-22995
352,5856,-14972,9085,-10293,-241
-4800,14636,-13444,5189,-9575,-5435
364,12244,-12948,-1624,-2010,-14745
-4724,11620,-9416,-1444,684,-11466
-4844,10744,-12712,-330,-3198,-7808
-3408,8936,-15132,1207,-3677,-7626
-2228,9708,-15428,3896,-2659,-4085
-2096,15772,-15556,1587,2521,-5035
-2336,14244,-13012,666,5288,-2002
-4540,20920,-15200,-467,6180,3166
3856,19884,-14460,-2532,10990,18513
-8820,10088,-15360,-6692,7211,23293
-3120,9596,-23816,-7821,11294,17973
-272,12696,-20388,-16041,23423,-5094
-10016,11836,-9852,-10193,9346,7236
-7812,10148,-9092,-4163,-10494,28947
-956,6896,-10884,-4439,-7548,26340
-3284,2780,-10640,-4465,-4654,13750
-1752,272,-10052,-1395,-9156,7583
1860,3268,-7972,1945,-12021,1153
8032,9908,-11988,4136,-12550,-897
15548,21912,-20936,-1420,-7296,1724
9576,19096,-15112,-2140,-4826,8731
8572,12672,-10064,-2073,-3873,8528
3716,8612,-19792,-482,1728,-5794
-8244,12000,-27104,-6436,7638,-18867
-4512,1964,-12804,-1892,8117,-12689
-7028,5708,-8884,8634,6885,-3898
-6748,13976,-13544,10241,5689,-16776
-9320,16736,-12108,-1546,-1794,-28018
540,7508,-11000,2072,-8150,-22800
-1848,13432,-13724,9053,-10615,-2475
-3408,12920,-12664,3978,-8713,-9764
-1440,9692,-11376,116,-1063,-11140
-5560,10524,-13160,-45,-1027,-10967
-3312,11040,-13528,2259,-2852,-7553
-2176,10960,-14052,2910,-1601,-6320
-2404,13944,-13620,2486,479,-4224
-2536,14856,-13056,264,3911,-2262
-336,16100,-13872,311,6858,1984
2672,20648,-16640,-3467,10344,12254
-9644,14488,-15524,-6955,8108,22307
-2288,10952,-24716,-9737,9685,16696
-908,8348,-22788,-11645,22114,2748
-6260,9628,-13216,-13306,17084,-1910
-8172,13372,-7760,-3813,-6657,25212
-3244,9600,-10900,-5336,-11801,30757
-2280,3060,-12208,-4690,-3738,17164
-1752,1324,-12568,-2262,-6380,11447
-132,2744,-9156,-543,-9946,3687
4616,5884,-9004,1950,-12107,-73
10296,14548,-16264,1767,-9971,-259
13600,19952,-19464,-1469,-6333,5020
9708,15536,-11900,-1189,-5301,6562
5252,7624,-10372,-681,-3187,1904
48,14192,-27780,-444,1335,-11026
1840,8704,-19964,-5847,6917,-9965
-5120,-1076,-9812,1079,6596,-7965
-7072,7136,-10004,8365,7304,-4446
-8616,17092,-13792,7314,5242,-22851
-8100,18232,-11424,-3913,-2701,-26968
4944,3972,-14652,741,-9077,-15289
-4820,11452,-15108,9039,-9189,-1124
-1540,12784,-12388,1986,-7040,-14471
-1644,10304,-10048,-1229,3169,-17098
-4468,12008,-11024,-539,74,-11111
-3412,12528,-13420,710,-2889,-7031
-1760,10328,-13312,1200,-2953,-6756
-3904,9132,-13360,1780,-828,-5778
-4852,14824,-15128,1739,-438,-3476
612,14848,-16312,-625,6342,-3237
-5408,21240,-15460,-1969,6585,2970
2900,18416,-12580,-2047,10113,18006
-6200,8328,-16276,-6902,10109,19876
-932,10512,-24024,-8659,15027,12906
-4160,11844,-18136,-12471,20537,3567
-8468,11908,-11088,-7081,7038,11053
-5376,13124,-8544,-4753,-8173,26795
-1260,8408,-11160,-6428,-7802,26573
-2296,4180,-12864,-4491,-5767,16861
-1440,1672,-11452,-3322,-9165,11896
132,2752,-9192,-387,-11008,3241
7084,5320,-10948,2590,-11233,-111
14320,16996,-18700,1181,-7400,584
10944,19388,-16536,-738,-3925,4333
7300,9724,-11808,-1747,-2776,4645
7276,6436,-14264,236,-2851,-2440
-5480,18576,-29508,-2190,4733,-21143
1980,4260,-14236,-5800,7603,-16554
-3416,1868,-10464,3794,5768,-11981
-6664,8020,-10796,9484,9339,-8713
-10520,20912,-14932,5355,5125,-25570
-3420,10700,-9068,-3148,-6895,-23988
-1124,8444,-13132,7637,-10024,-1513
-3036,12640,-14396,5719,-12041,-1268
-956,10772,-12948,-722,-4268,-12739
-4100,11452,-10648,-1287,1116,-11810
-4800,10372,-12564,796,-2274,-8705
-3572,8468,-13168,4344,-5201,-5608
-2076,11388,-15332,4977,-2572,-4071
-2788,15288,-15204,1618,1938,-4935
-2324,14664,-12216,336,5847,-3158
-2584,17236,-13048,956,6877,2556
2884,17544,-16368,-1670,9920,13082
-11916,14444,-14084,-6075,8712,20107
-2928,12752,-22276,-11043,9588,12819
-344,10280,-18248,-11670,18267,5842
-5040,10064,-14664,-11151,14067,5749
-8084,10616,-10260,-4370,-4877,22503
-2428,10864,-13196,-6388,-9460,26033
-3380,8108,-9624,-6081,-6090,18609
-3268,3904,-9384,-5068,-11213,13337
836,768,-9992,-1711,-12886,5204
3804,2276,-10320,1749,-11812,-1624
5716,14012,-15044,2708,-11497,-2340
13132,22416,-20608,-2046,-10430,8144
10248,15492,-12088,-822,-6256,10612
5232,9508,-10404,-3174,-1657,5223
40,12940,-22428,-3517,2782,-5467
5912,8716,-28512,-3519,9659,-3464
-9316,1356,-8172,2536,6199,-2773
-5112,7416,-8996,6588,8785,-8446
-9044,19164,-16860,7161,9980,-25164
-5956,14920,-10948,-8429,-2663,-32768
5772,2956,-13984,10003,-10062,4294
-2932,13472,-13980,7935,-7261,-316
-112,11400,-14440,4721,-4940,-3400
-1256,12040,-12200,1367,704,-6840
-2332,11328,-10848,-1284,2007,-12357
-2500,13884,-11656,-434,857,-10380
-3160,12832,-12344,2794,-3844,65
-1068,11980,-12784,3797,-6400,4571
-676,11220,-12988,3619,-5099,5673
1192,13440,-15464,1885,-608,6375
-6388,18128,-14604,311,2436,12526
1136,12956,-15856,-309,1792,20431
-2876,7412,-16060,-362,4042,23010
-7800,12348,-14268,-1742,1302,20260
-4568,16948,-9100,-6065,-3125,12519
-5012,12908,-11532,-4935,-6094,14447
-3748,7832,-14592,-2019,-11388,19841
-2320,3400,-15176,-3567,-12429,14949
-2808,6996,-13032,-2127,-11886,8052
-1940,8560,-13836,-485,-13715,4744
-200,8268,-15992,-807,-11903,567
1180,7816,-16596,-680,-10388,811
3424,8448,-18856,1425,-7608,5246
-3668,7400,-14976,964,-5852,3084
-5744,10132,-12448,903,-6079,-423
-4368,10672,-15292,-2116,-4417,-10381
1324,14416,-16696,-1892,-8069,-7655
1468,9324,-16504,2977,-7769,7564
776,8516,-14988,84,-638,-400
-2296,9856,-13980,-1376,2528,-4525
-6108,12828,-12176,584,-1150,234
-2556,12432,-13052,127,-2866,115
-2228,11936,-13156,-56,-2775,-92
-1964,9864,-14492,206,-2305,3582
-2616,10188,-13664,-736,-1046,2036
