-11880,-2436,-28340,10115,14423,-17489
-6048,-5296,-23444,9171,15728,-5267
-4784,-8084,-15060,7973,8372,-6060
-4204,-9652,-12572,6400,3687,-9735
-4532,-5676,-10848,4873,-3006,-13541
-3752,360,-8440,-988,-9563,-18383
-1924,3372,-6656,-4688,-11721,-15704
1336,1960,-7276,-5124,-8298,-2005
3460,-3416,-13676,-4058,-6515,6183
9288,-26340,-32068,-4221,-3296,-7201
7056,-23976,-22700,8591,6128,-5216
5808,-2316,-6764,-215,-121,-8213
-22876,-9424,-32768,-296,-6073,9154
-2392,4260,-12856,7186,13179,5685
-23020,7624,8704,-2086,-4674,14108
-6000,-9952,-22752,-6813,-7113,11269
-7624,-14864,-23512,-1948,-6266,11230
-3436,-6648,-14520,-412,-4363,14886
-2592,-3356,-11736,-2334,-9749,13102
-3588,-5828,-12856,-2780,-5304,19216
-7144,-6456,-11164,-5684,-4552,16388
-7016,-6108,-11588,-6438,-6045,15525
-2300,-13480,-15516,-9279,-3794,8991
-9576,-12300,-13008,-1616,-3459,4823
-3968,-10848,-21308,-1992,-1198,-1564
-4404,-16156,-19052,510,5737,-3467
-6568,-14932,-21092,6621,10821,-14984
-5068,-3656,-21028,10795,21177,-17826
-11176,84,-29532,9153,15137,-19078
-5384,-5744,-23972,12085,16786,-1348
-6044,-7188,-12148,7649,8404,-7703
-3796,-9472,-12420,6299,6997,-8004
-5644,-3416,-8724,3217,-3025,-17017
-3120,2088,-6308,-2001,-7527,-19102
-1232,4164,-5344,-5692,-10448,-12539
500,952,-6456,-4933,-8860,172
6744,-4220,-14876,-3742,-7595,7252
3336,-32768,-32768,5718,3889,-3132
6236,-17928,-20372,10684,3411,-7160
5400,-7608,-12408,3154,85,-11184
-19504,-5980,-32768,-2902,-2969,7708
-7148,1236,-11908,6251,11942,10488
-21972,2828,7260,-3660,-6027,14266
-4224,-16176,-23036,-5299,-5391,11433
-9376,-12004,-20260,-2320,-11370,13352
-3852,-5308,-14736,-2636,-7486,11928
-3240,-3156,-12520,-2885,-9816,13221
-2236,-4500,-13952,-2072,-4570,20956
-6316,-7428,-11268,-3818,-3692,16486
-6192,-8928,-12848,-6002,-7208,16758
-1384,-12984,-15124,-8562,-3944,7322
-8512,-11288,-15504,-2447,-3573,3964
-3920,-11664,-20112,-2622,1106,-1984
-4500,-17220,-19664,1199,8452,-5990
-3396,-11816,-23484,8805,14939,-18041
-8052,-3040,-20656,14324,18996,-13470
-4008,-7992,-23140,9090,13454,-7032
-2736,-9772,-20332,9230,12534,-6332
-5368,-8668,-13304,8456,8067,-7192
-4488,-9300,-13784,7558,5540,-9554
-5176,-1932,-10188,2412,-4362,-17898
-2588,2280,-7124,-1955,-8974,-18146
176,3704,-6256,-5567,-9623,-9013
1064,1288,-6804,-5440,-8739,922
12720,-24508,-32768,-5689,-2261,-3549
6440,-17068,-18488,6992,3511,-5432
7512,-5496,-9812,2574,-125,-11103
7576,-3420,-9024,1775,106,-11660
-4680,-13460,-32768,-823,228,2142
-3176,11408,4328,2538,5969,14990
-7624,976,-6168,-6534,-12468,13875
-18036,-22244,-30560,-2000,-5027,14033
-8824,-17148,-21544,-1351,-10159,9973
-3944,-3564,-12648,-2003,-8060,10677
-2364,-2996,-13996,-3497,-10245,13657
-3164,-5396,-14124,-2586,-5273,17537
-5768,-6232,-12472,-2564,-3611,16854
-6628,-7424,-12972,-5234,-6384,18330
-260,-13172,-15068,-8462,-2942,6952
-8348,-11240,-14552,-1080,-1071,6177
-4052,-10964,-20156,-2381,142,-1890
-1740,-14276,-18308,1201,8136,-225
-6444,-18060,-20592,4773,13567,-11242
-4380,-7072,-18468,10511,19094,-18412
-13432,-6784,-21916,10522,14612,-21729
-6908,-4988,-24632,7904,12996,-8729
-5584,-7240,-15052,8576,7995,-7578
-4164,-7152,-14248,8801,5264,-6397
-4752,-4524,-11140,7054,-3006,-12066
-2924,-728,-8116,-88,-8813,-17088
-696,3688,-5884,-5372,-10985,-15541
1860,2164,-6916,-6408,-8499,-4377
5752,-26396,-22820,6307,5086,-5905
,,,,,
-26484,-8132,-32768,-3052,-9122,10367
-19824,-11020,-32768,-2615,-9221,9398
13584,-10684,-32768,919,625,-4180
-5192,5396,3016,5926,9134,21422
-8632,5124,4508,3699,4638,21095
-13684,3364,5752,2052,228,18777
-8248,-19580,-24752,-2718,-7561,12508
-3736,-3860,-17964,-3281,-7420,10607
-3776,-5416,-10972,-2591,-6694,10501
-1160,-3964,-12764,-2118,-7722,13918
-6932,-5668,-13548,-3917,-4385,17528
-6020,-7708,-13144,-6907,-5799,12658
-4532,-9980,-15448,-6793,-4511,14640
-4856,-12292,-15196,-7825,-5135,3760
-5660,-10804,-16608,-1747,-686,2579
-1204,-13248,-19244,1,4090,-885
-3808,-13876,-20168,5468,15087,-4185
-2728,-9888,-19360,10733,17075,-17942
-6660,-5772,-19480,11973,18946,-16734
-6336,-3424,-25484,8974,14822,-6878
-5292,-7552,-15016,8240,9743,-4408
-3436,-7180,-13728,7686,4665,-6298
-3092,-5340,-11336,5728,-1192,-8975
-2432,-2100,-9408,1901,-5685,-11856
-2932,1852,-6620,-3709,-10300,-14909
-1316,2572,-5836,-5411,-11743,-12847
4388,-2904,-11188,-7594,-6083,964
8588,-23572,-28104,-2538,-1969,-4075
7400,-29200,-32768,4017,3698,-318
3144,-7972,-7948,290,-143,-13274
18444,-17888,-32768,569,3747,-3472
-16880,4716,-3444,8730,16735,9111
-10172,8876,6612,5388,9941,16029
-11600,-19384,-27780,-4099,-4827,13976
-15764,-19716,-30164,-3118,-5706,13964
-3088,-8608,-17328,-1710,-10657,12273
-2924,-2380,-12240,-121,-7427,13598
-1928,-5028,-12452,-2118,-8909,15549
-4188,-7848,-11992,-3162,-3654,17373
-5960,-9024,-13428,-4727,-5697,15800
-2084,-12152,-14856,-6961,-3525,12671
-8756,-13336,-12376,-4014,-2773,3390
-4216,-8480,-18344,-2160,-1915,-165
-3672,-14348,-18896,195,4595,-1175
-3912,-14376,-20204,4259,12737,-3742
-3528,-8176,-18668,11522,17928,-17001
-6664,-6592,-18088,12391,17889,-16369
-6524,-4516,-26124,9152,14080,-10412
-4148,-7084,-16952,8930,8811,-7384
-5220,-8132,-13900,7757,5308,-7046
-2916,-3000,-8320,2694,-4287,-14011
-2460,-760,-7140,-417,-6722,-15982
-2508,-652,-7136,-1029,-7115,-16313
612,2504,-6496,-6689,-10969,-9459
2152,-12,-8588,-7031,-8282,1515
4832,-11060,-20636,-4726,-8797,5344
8880,-29128,-32768,2218,1196,-6141
3216,-11624,-13296,5511,-317,-12768
5028,-1372,-3760,-1491,-2760,-5811
15028,-5924,-32768,-205,7428,-6405
-13776,4428,-7864,5872,17762,8227
-17724,1760,3548,2001,-6112,19695
-6524,-9800,-16628,-2717,-6623,12942
-9088,-16580,-23376,-2822,-8820,11485
-4272,-6604,-14664,-1841,-4972,14240
-2592,-3612,-12396,-1499,-9030,13930
-3368,-3720,-13780,-2671,-4388,19580
-6700,-7144,-11820,-5244,-4435,13535
-2844,-11020,-14020,-5588,-3801,18102
-6280,-12748,-13104,-8153,-1950,6450
-7776,-13340,-15252,-2633,-4060,4003
-4116,-10428,-19684,-2664,237,-1779
-2400,-16556,-17776,488,7054,-4475
-5756,-13272,-21352,7286,12673,-15022
-7532,-4188,-20880,12414,20638,-15943
-12644,-1132,-30756,10942,15544,-14882
-4896,-8308,-21932,9873,15133,-4918
-5524,-10836,-14296,7818,9368,-6535
-4916,-9292,-12132,4412,2987,-13818
-5260,-1844,-9168,1423,-4009,-18625
-3372,2348,-7240,-2728,-8827,-19161
-792,4228,-5792,-4149,-11891,-9376
2340,2648,-6804,-3703,-8080,4597
,,,,,
4572,-8012,-11424,3198,1993,-9147
964,-536,-5516,-1579,-1600,-8678
-3616,468,-7124,-644,-2301,-5524
-7556,2604,-12996,-56,-3584,-1861
1520,-16396,-32768,3841,-4977,7482
-18468,100,5540,-2860,-7724,13302
-16520,-1228,3956,-3511,-9303,12349
-6260,-19056,-23996,-5432,-5217,11495
-6224,-11784,-21376,-4100,-11487,8544
-3068,-4116,-14908,-2404,-6927,11449
-2528,-2720,-13176,-3418,-10319,11494
-3204,-3116,-14748,-2972,-4035,20546
-7220,-6060,-10944,-4458,-4928,17120
-3844,-8900,-13136,-5439,-5580,17483
-2564,-13212,-14468,-8616,-2830,7316
-8396,-11220,-14160,-859,-3134,3329
-3872,-10052,-21096,-512,611,918
-3460,-17316,-19980,1779,8905,-1118
-4620,-14520,-20736,6360,14503,-14152
-7460,-4988,-18040,11425,22041,-16588
-4144,-10228,-12840,6779,3939,-9361
-4416,-9936,-13120,6589,3536,-9892
-3996,-9244,-12432,7063,1820,-10805
-4016,-8840,-12312,7029,1382,-10915
-4800,-2484,-9172,3889,-4448,-14657
-2860,608,-6740,-1835,-10605,-16836
-1964,1860,-6492,-3842,-12417,-15618
1192,1356,-8760,-6288,-9637,-3243
6324,-13736,-16016,6807,3798,-7623
4288,-7584,-10488,4434,2043,-8122
2772,-4636,-8052,2484,803,-8932
1944,-3312,-6700,1543,17,-8948
-800,-1172,-8652,-2154,-2967,-6782
7416,-5992,-32768,7302,11362,1523
-1092,14172,3776,5834,5793,16279
-12380,-176,-536,-4951,-10057,14190
-11124,-23252,-27800,-4425,-3038,13322
-5312,-10236,-17620,-5114,-8650,6046
-4224,-2204,-13388,-2477,-7937,7760
-2504,-2696,-14300,-4220,-9834,11382
-3020,-4120,-14208,-2507,-3953,19978
-6264,-6036,-10368,-3274,-4148,19002
-4728,-6924,-13720,-5426,-6641,17614
-3232,-14608,-15120,-8780,-4438,9322
-8736,-13912,-12944,-2083,-3895,4859
-4716,-7964,-21740,-1650,-2502,-608
-2040,-13236,-18976,-794,4978,-218
-8184,-16868,-20848,5241,13424,-5866
-2128,-8404,-19092,9487,17292,-17498
-13428,-5892,-18956,9787,17013,-19617
-7128,-3720,-25264,6969,15083,-11924
-4396,-7536,-14348,6711,6391,-7275
-4272,-7720,-13968,6640,6067,-7595
-4088,-6760,-12204,5428,512,-9514
-3528,-2236,-9748,2340,-5503,-13395
-2744,228,-8352,-885,-9174,-15896
-20,1432,-6968,-6702,-9562,-10786
1312,-624,-9364,-6390,-8052,-837
2136,-2488,-11520,-5951,-8547,848
4980,-19856,-21588,6816,3554,-7267
4764,-13176,-17532,6595,2746,-7096
-5692,-324,-25236,2792,-1293,-1815
-6012,-10628,-31220,3615,7767,4126
-19572,4068,7796,-2706,-6129,19595
-5724,-2268,-11868,-6881,-8272,14132
-4212,-3604,-15868,-7776,-6993,13018
-4324,-12384,-16696,-4651,-7626,7867
-3768,-3588,-12092,-4223,-9204,6299
-3252,-2108,-12636,-6033,-11806,8600
-3276,-3344,-15368,-2958,-5811,17837
-5152,-5568,-14556,-6017,-7514,16462
-4568,-6840,-15548,-6676,-7175,16260
-1400,-14612,-13580,-8069,-932,8894
-11760,-14336,-11376,-2434,-3607,3455
-916,-10716,-22644,-2264,-2201,-3528
-5552,-13628,-21496,2098,8118,-4450
-1032,-11024,-25864,7626,17266,-15493
-12580,-2252,-16600,11017,20712,-11108
-7320,-1108,-28436,10135,15262,-11017
-3192,-6660,-14472,4976,6279,-11194
-3776,-6164,-13416,4835,5606,-9535
-3696,-2368,-11776,4884,-1730,-11250
-2116,572,-7672,-1878,-7745,-13063
-2140,700,-7448,-1949,-7942,-12525
-1652,880,-7696,-2118,-7999,-11624
1440,912,-8420,-3006,-7193,-1233
9532,-21500,-30624,-1835,-854,1212
5920,-30176,-32768,1263,3271,-4466
6136,-28488,-22824,8315,5383,-6321
4816,-3900,-7328,3205,1927,-8390
-5900,3148,-17624,-1886,-4600,-2055
-14828,2604,2096,-5461,-10312,13909
-3388,-1464,-14824,-8879,-9398,10224
-1716,-3496,-18140,-9642,-7785,9346
-964,-9360,-23116,-9883,-5172,8772
-4332,-10912,-15480,-2724,-7950,8276
-3400,-3392,-12956,-1689,-8641,9141
-1872,-4468,-14328,-3725,-9406,12754
-3292,-4920,-13996,-4261,-4011,16656
-6136,-6108,-11864,-2623,-6220,18533
-4440,-7948,-14676,-5692,-7474,16709
-2944,-13796,-13300,-9913,-2773,6982
-9532,-12012,-12876,-2369,-3705,3209
-4948,-8916,-21716,-2094,-2569,-959
-4036,-14344,-17996,-330,6533,-207
-6480,-14308,-23488,6552,12015,-10354
-12724,-4128,-17792,9456,19514,-15068
-12188,-2412,-25420,7887,14916,-16550
-5996,-6748,-20704,5558,14574,-9779
-3288,-7972,-15924,5831,9428,-9453
-4276,-7808,-13224,6108,6045,-8179
-4176,-4596,-12460,6113,580,-10377
-3500,-1588,-8336,823,-6922,-15746
-2296,-188,-6628,-1725,-11550,-14838
-984,380,-6424,-2387,-12376,-12874
1840,-628,-10368,-3488,-9994,1253
6084,-19048,-20748,7891,4809,-8061
4648,-7900,-13584,5419,2732,-7890
6336,-1500,-9292,1951,894,-6393
4864,-852,-9736,1702,765,-5336
-5284,-17976,-32768,7981,4858,6853
3080,14524,1684,4166,12696,14747
-20736,10236,11496,-5290,-3211,13140
-7088,-21172,-30388,-3561,-3189,14861
-13068,-21456,-29816,2912,-6150,15334
-3612,-6268,-13012,-1537,-6664,9902
-4188,-3264,-12148,-3802,-11039,9766
-3488,-4496,-14092,-2808,-7309,17371
-6348,-6192,-12448,-3315,-3475,18120
-5100,-5836,-13760,-3640,-6256,18040
-4752,-11332,-14392,-7361,-4572,13954
-4896,-16116,-13116,-3842,-1733,6011
-6404,-9052,-17036,-984,-3230,140
-1888,-10536,-20960,-1253,1976,-907
-6224,-16452,-20772,4336,11792,-6515
-3296,-10856,-22456,7457,17576,-16454
-12976,-5192,-18492,8699,20099,-18265
-9508,-500,-29600,6963,16508,-13419
-4092,-8368,-13248,6489,7216,-6872
-3860,-9956,-12752,5169,4776,-9280
-4736,-5224,-10984,4441,-373,-12624
-3492,252,-7640,-275,-6875,-16332
-3068,2552,-5884,-1551,-9136,-15371
216,5020,-5964,-3504,-11522,-6223
6380,-5572,-15928,-4550,-7705,8251
7464,-6440,-18036,-4503,-7431,8510
2144,-31756,-32768,2756,3866,-2812
5264,-28532,-24252,8769,4869,-5981
-4020,-3760,-24892,-1580,-3333,-10918
-7096,-18444,-28580,4766,8915,-819
2224,14968,-4532,9831,404,16375
-13064,5512,-40,-7242,-9797,11946
-18144,-21312,-29644,-7117,-2924,14501
-3536,-10872,-15888,-3579,-5379,8269
-3340,-5300,-14244,-4182,-9822,5606
-2632,-3336,-12872,-6528,-11417,7362
-3320,-4080,-13860,-4064,-7530,13847
-5932,-5848,-12588,-3864,-4794,18755
-5180,-3924,-13280,-6147,-8202,15478
-4108,-11520,-14948,-9513,-6809,11107
-6544,-14880,-13316,-2683,-1339,6568
-6528,-9464,-17660,-894,-4437,-14
-2156,-10740,-20372,956,5439,2650
-7892,-17512,-20604,5191,11965,-5012
-5984,-5372,-20004,11664,23012,-15580
-10136,-5924,-19580,11852,22096,-15601
-14796,-1284,-29820,10600,15274,-14234
-3520,-9204,-16924,7078,10970,-7760
-4520,-8640,-13072,5799,5511,-10036
-4540,-7284,-11964,5618,666,-12808
-4084,-1284,-8208,1890,-6263,-16892
-2784,52,-7296,-796,-9353,-17732
-792,2844,-8636,-2706,-12197,-7576
824,2508,-9836,-2440,-8885,3851
2404,-112,-12372,-2192,-8794,10027
6744,-29020,-32768,-2276,3615,-8671
6232,-11352,-11332,9281,7139,-6904
4816,-8900,-7276,7525,6085,-7665
-12296,-1516,-32768,-5357,-7932,8428
8252,-7552,-32768,6975,11168,-2655
-7844,11340,5020,3570,2486,18270
-6272,-572,-11088,-6649,-7852,10393
-11928,-24868,-28804,-3832,-6055,11871
-3720,-6120,-16720,-1702,-5621,12555
-3148,-2012,-11792,-2565,-7272,11850
-1980,-4084,-13432,-4083,-5595,14010
-3864,-6860,-13400,-4544,-564,16125
-5908,-7444,-11756,-2436,-3891,17867
-6684,-12844,-12392,-6546,-6484,12283
-3236,-14524,-11224,-9230,-5076,3555
-6160,-8816,-16548,-3917,-4123,480
-2464,-9000,-21660,-1963,1131,-13
-7296,-16732,-21068,2104,9360,-2169
244,-11096,-23428,7237,15402,-14892
-10564,-3012,-27728,8816,14939,-18205
-10624,-2000,-29844,8989,15135,-16535
-8420,-4336,-25780,9306,15194,-8507
-2476,-7644,-14936,7132,6758,-7807
-4712,-9180,-12256,5661,2384,-10879
-5432,-3388,-10332,4550,-2690,-13784
1808,2180,-7688,-3425,-7535,-6888
1768,1080,-8496,-4199,-6027,-2272
1588,932,-8896,-4283,-5936,-962
2720,-3652,-13488,-3636,-6758,6363
7220,-11760,-21768,-3447,-7283,6360
6428,-15036,-13912,4941,2411,-8300
3636,-5324,-6988,1806,-15,-8697
2644,-1512,-7832,419,-1259,-8293
3948,-10744,-32768,4840,6765,-2705
7028,14632,2804,6684,8325,16674
-4924,584,-5132,-7433,-10560,9727
-14732,-25372,-31548,-6045,-2412,10642
-4012,-13184,-16700,-3372,-9567,7500
-2796,-4672,-12624,-2261,-9487,5902
-2520,-3440,-13956,-4076,-12242,8573
-3884,-2108,-14220,-3224,-7535,15089
-6520,-4828,-12420,-2948,-7704,17596
-4740,-5032,-14212,-4764,-9311,19136
-2072,-12788,-16020,-8431,-3448,11788
-9700,-16232,-12908,-2228,-687,5458
-4740,-10464,-17868,-403,-2760,-1365
-4116,-14040,-21268,5050,16972,-2071
-5420,-13504,-20796,5689,18413,-3917
-2564,-3700,-22328,11777,22158,-15886
-9912,-4844,-21520,13779,22024,-11370
-6488,-5272,-21740,6199,15515,-9187
-2936,-11932,-14028,4591,7946,-11395
-3068,-8780,-14220,6645,6927,-9625
-4636,-2880,-11172,5640,-1500,-11149
-3076,-2848,-7948,856,-8234,-15176
-2216,-940,-6172,-369,-13948,-14069
856,2440,-7672,-3073,-12242,-4146
1528,1008,-12324,-6513,-8199,2571
10756,-12616,-29164,-6135,-5034,2752
10448,-17408,-19608,6674,4745,-3155
8172,-9876,-13880,4903,5578,-388
-12780,-9060,-32768,-4202,-5168,3694
-2304,-4244,-19572,10960,11115,5667
-14172,8572,9568,-989,-5726,13293
-5056,-8740,-19740,-10558,-5568,4654
-9196,-22560,-28036,-4542,-7414,6530
-2652,-5408,-15264,-3429,-6603,6223
-3736,-2304,-12140,-4755,-10802,7614
-4316,-4380,-13488,-3659,-8444,14013
-5584,-5084,-13496,-4986,-5360,16104
-5700,-8116,-14552,-7596,-7888,16673
-5592,-10728,-15008,-9374,-8568,14484
1464,-16400,-13656,-6198,-2057,4730
-10152,-16760,-11012,-823,-3972,19
-2204,-12196,-24276,1350,4304,-2059
-8220,-13720,-24212,6773,11758,-12664
-14808,-1840,-23324,12505,21758,-10926
-15036,1460,-28604,12660,17994,-9747
-5912,-4220,-20828,9792,16609,-1439
-1436,-11460,-13836,8645,8942,-4627
-2920,-9716,-12752,5943,1424,-11803
-4496,-2556,-9320,3397,-2561,-13743
-3228,896,-6716,-1864,-7450,-16994
-1260,2060,-6800,-3305,-11422,-11699
1832,1700,-9436,-3277,-9745,-1052
3736,-3600,-15388,-3730,-7297,5507
8676,-21824,-29120,-1280,-1418,2276
7200,-26800,-24412,6139,4281,-7442
-4276,2972,-18168,1809,-337,-4351
-7740,-3872,-32768,-283,-2640,-589
-7304,2936,-5976,11907,8576,17039
-16460,9964,7440,-2574,-3664,15572
-8440,-10988,-24120,-10795,-4560,7043
-3108,-14332,-22184,-2861,-5894,10825
-3384,-5008,-13796,-1446,-4212,13724
-3424,-4168,-10436,-5406,-9672,9990
-3648,-4968,-12628,-4208,-6944,15383
-8476,-7100,-12112,-4471,-5954,17900
-2592,-6412,-15556,-6604,-9139,15463
-1096,-10188,-16096,-8040,-7908,12590
-8124,-13476,-11720,-2770,-3118,4523
-4708,-8000,-20896,-2260,-2432,-1610
-1312,-12104,-20700,1890,6910,1503
-8632,-18640,-20832,6166,14354,-8169
-1160,-6076,-20348,10824,21640,-18318
-15400,-3196,-27128,11442,17523,-17459
-5892,-4828,-22944,7796,14833,-7989
-3668,-10408,-14240,8373,7421,-5712
-4768,-9716,-12616,7932,3487,-8612
-3728,-3940,-10692,6812,-1510,-10324
-2636,2312,-6212,-3022,-10755,-14860
-764,3240,-6776,-4110,-11167,-10057
368,3180,-6884,-4487,-10481,-7698
2484,-956,-10720,-5217,-7607,4783
7928,-23620,-30680,-3510,-3610,525
6476,-9904,-11128,5288,3352,-5700
-520,-2640,-4456,-1143,-1571,-8137
-8748,1516,-15440,-959,-5193,-2231
4504,-7904,-32720,10647,8186,-2573
4380,14684,2668,2533,6378,13385
-10040,1720,-2076,-7525,-10426,8949
-4436,-9868,-19392,-3310,-7762,11923
-3844,-7504,-16360,-718,-5682,14614
-3568,-7156,-16232,-422,-5082,14408
-2520,-3868,-13200,-3868,-8425,14092
-4424,-5388,-13124,-4319,-3034,16747
-2544,-12072,-15128,-6475,-4694,14587
-2344,-14184,-14972,-6768,-3818,12440
-2460,-15088,-14916,-6841,-3368,11306
-8844,-12708,-14184,-1122,-3271,4193
-4052,-8916,-20644,-3088,-2637,-3312
-2728,-14212,-20016,-419,5478,-1993
-7892,-14872,-22380,5966,13068,-12317
-3548,-4760,-20396,10066,22577,-16481
-9168,-216,-26836,9675,16209,-11300
-6156,-2472,-23156,9105,16102,-7338
-3940,-10040,-13896,8008,8357,-7075
-4472,-9624,-13004,6276,3992,-9752
-4028,-4832,-11648,5333,-2081,-12923
-3948,-868,-8836,567,-8450,-16152
-2804,1784,-7372,-2758,-11979,-13063
884,1864,-7456,-5130,-9097,-2541
1452,-584,-9768,-6071,-8612,3762
11512,-15416,-27220,-6243,-7174,-1202
3928,-31872,-26784,7641,4928,-7781
4996,-4724,-10476,6278,4636,-4071
-7424,5976,-14748,1096,-3038,2304
5724,-18560,-32768,4383,1429,3795
-7940,-15076,-23272,-8310,-4385,8357
-9644,-18728,-24624,-3442,-6279,10918
-8428,-17196,-23572,-3469,-6590,10493
-7324,-14440,-21860,-3412,-6831,10364
-4492,-4992,-13324,-1211,-6769,10937
-2476,-4520,-12980,-2840,-8723,13336
-3852,-5476,-13600,-3347,-3170,17445
-4596,-7368,-14696,-4229,-5377,17310
-4352,-11120,-14348,-7190,-3423,14481
-4840,-15800,-10972,-7379,-1916,6493
-7380,-12056,-13792,-2011,-3398,3016
-3088,-9728,-20240,-1250,267,-1943
-2948,-10000,-20008,-1027,1077,-1727
-1560,-6940,-19380,8134,17573,-15527
-9900,-3048,-26440,7723,14854,-15445
-6916,-6388,-24064,7400,14185,-9172
-4992,-7376,-14388,7322,4890,-6614
-3556,-7824,-13860,6644,2127,-8554
-3608,-8132,-13216,6627,1597,-8834
-3444,-7620,-12792,6427,1332,-9066
-2060,24,-6804,-2297,-8453,-13751
-1980,824,-6556,-2892,-8972,-13354
712,2244,-6648,-7346,-10164,-8590
3432,-996,-10560,-8972,-8915,-741
10900,-13872,-26284,-5591,-2816,360
5588,-27592,-28620,8563,5235,255
-8652,2420,-17888,-96,-2558,-5534
-9716,-6524,-29208,-1223,-3542,-3085
6896,-7556,-32156,9951,6696,7432
-5240,9864,-5376,2648,2172,12810
-4836,-1672,-13960,-10161,-6608,5332
-10076,-17376,-18832,-4863,-5812,9923
-4460,-9552,-17100,-4320,-7843,8310
-3980,-5648,-13232,-5464,-9346,4787
-1760,-2836,-14064,-4732,-8991,10384
-4472,-4080,-12880,-3854,-3848,16865
-3300,-7092,-13644,-1612,-4089,18570
-4928,-8840,-13996,-3175,-6166,17345
-4240,-12428,-12836,-8664,-5400,8304
-6320,-12564,-13404,-5170,-5918,1236
-5920,-11352,-17860,-3439,-3718,-3153
-2764,-11992,-19652,-2044,1771,-3168
-7172,-14964,-21892,4980,11544,-7147
-12332,-5064,-18496,11933,20464,-17881
-14180,-5468,-20876,11836,17305,-20376
-6864,-2476,-28812,9612,15625,-8102
-3588,-8096,-14884,7744,9682,-5546
-3460,-8820,-12656,5002,6580,-8986
-5076,-4332,-9312,4586,-601,-13143
-2964,-936,-7268,621,-7533,-15961
-1624,1236,-6940,-2709,-12362,-11358
900,1764,-8404,-4341,-11401,-2197
2860,-2024,-14908,-5478,-6564,4920
4404,-20168,-26384,-2040,-6833,3386
632,-10852,-12132,5215,3696,-5346
348,-8136,-9216,1620,-722,-6977
72,-7520,-8068,635,-1595,-6395
-9204,-17236,-32768,8560,-3974,7119
124,11588,-4228,10189,4587,11777
-13332,2380,620,-3245,-6322,9611
-9060,-10572,-22032,-12874,-4568,6454
-4628,-13844,-23944,-3623,-4888,11137
-3268,-6220,-12540,-2434,-6325,9704
-2780,-3476,-10800,-5265,-10126,8331
-5032,-3884,-12852,-4464,-5320,15618
-7248,-6324,-12696,-5706,-4871,16082
-3084,-7628,-13964,-5821,-6138,14668
-3856,-13032,-13640,-8198,-4728,8140
-7740,-12712,-14072,-1031,-2066,4730
-3248,-10708,-19172,-109,-255,-1007
-5108,-15328,-20916,2497,8134,-4071
-2016,-12996,-21632,7489,13690,-18856
-12084,-1232,-30504,10178,15038,-13957
-11484,-420,-30352,9240,14579,-13212
-7904,-2404,-24404,5635,12724,-10727
-3880,-6576,-14076,6019,6788,-7938
-3792,-5324,-13212,6043,1645,-9951
-4684,-1500,-9536,3608,-2733,-11812
-2656,-156,-6296,-259,-9237,-10915
736,1064,-6912,-782,-10315,-3611
3036,920,-9852,-4049,-7369,1618
2664,-6260,-16080,-7093,-4827,621
8496,-28224,-30420,1511,2131,-2722
5132,-16184,-16476,5671,6859,-3649
2788,-3724,-5544,148,798,-6254
152,-2356,-8284,-1314,-1083,-3512
2512,-14152,-32768,11681,9090,270
11360,16456,172,5431,6889,19987
-5648,1408,-9248,-10692,-8186,7989
-21736,-31644,-32768,-6177,-4668,8504
-3968,-12260,-13108,-2269,-6396,9841
-3364,-4776,-10776,-3951,-8905,6633
-2328,-2312,-14820,-6496,-10830,8809
-2112,-2556,-15016,-4778,-5336,13318
-5764,-5952,-12052,-3897,-5102,17363
-5728,-5564,-13652,-5278,-8656,17320
-3660,-12992,-15264,-10409,-4836,8715
-6908,-15664,-13368,-2376,-631,6164
-5708,-8920,-17420,-2459,-3932,-4176
-3036,-11088,-20244,577,3524,-231
-8720,-15768,-24180,5445,11795,-9416
-10932,-3896,-14764,10710,21502,-16122
-12676,-3832,-16852,10605,19240,-17079
-8096,-4476,-26340,8799,14808,-9429
-3728,-11108,-15148,7864,9520,-6209
-4260,-9460,-12372,5124,4501,-9452
-4732,-5028,-11816,5147,-1208,-12185
-4316,-628,-7732,1522,-7632,-14736
-1976,2140,-6952,-1647,-11833,-10760
788,1628,-7612,-3160,-10806,-2052
1720,-756,-11116,-4321,-7843,4253
8144,-22556,-29408,-5423,-4701,-5500
8416,-29032,-24272,8383,4823,-4743
5172,-11976,-13060,6449,6251,-3184
-2664,-20684,-32768,3998,-8432,8450
-2268,-1160,-23036,10526,13954,-395
-6952,2716,-14016,10899,14494,3493
-12572,1872,1696,-3226,-9433,12241
-9384,-15560,-21500,-8604,-4556,9938
-4804,-11712,-20944,-3702,-8435,9929
-3696,-5632,-12812,-2162,-5814,12814
-720,-3032,-12316,-5197,-8558,11394
-5652,-5036,-12736,-5064,-2571,17637
-7244,-7200,-12504,-5196,-6497,16606
-4052,-11352,-14112,-6960,-6285,14084
-5224,-15116,-11472,-6294,-4370,2912
-7684,-8628,-15872,-739,-3228,623
-2220,-8244,-22764,-470,1363,771
-7232,-16328,-20292,3711,10312,-3235
-9252,-3792,-20436,12189,23685,-14253
-14800,-4052,-21044,12854,20376,-14431
-7552,-380,-31172,11220,18126,-6869
-4920,-9724,-18964,10366,13659,-1553
-4420,-8156,-12688,7690,7607,-5302
-3676,92,-6780,-1765,-6124,-17537
-3748,464,-6356,-2286,-6646,-17677
-3772,536,-6228,-2828,-7154,-17818
-632,3776,-6036,-5103,-10582,-7952
1328,508,-7820,-4925,-7468,3019
3640,-6916,-16948,-4733,-7890,8888
7600,-15960,-26520,-4013,-5999,7532
6824,-16704,-18060,8819,4135,-8895
1804,1276,-8772,-25,-88,-8384
-16484,-11868,-32768,-2346,-4432,4207
1336,20,-15060,12722,9720,6834
-11704,14000,7768,-1452,1139,14592
-6320,-5628,-20068,-11223,-5791,5471
-9672,-21648,-27320,-2911,-7729,10536
-3616,-8852,-14164,-1734,-6543,10810
-3164,-5160,-11136,-4224,-10005,7403
-3336,-2900,-13552,-4268,-8110,14999
-6300,-4176,-13516,-5082,-3854,18182
-7228,-5592,-12468,-4221,-5129,18817
-2960,-10540,-15104,-6779,-4359,13865
-4304,-15672,-10916,-7025,-2912,4831
-8200,-11268,-15376,-1042,-3449,2983
-3380,-9376,-21020,-2581,-46,-2368
-7100,-17388,-20024,2258,7931,-6928
-2432,-11668,-23436,8309,15144,-16506
-12584,-4056,-17648,10182,20513,-15073
-8408,-1548,-27984,9136,15259,-11895
-4884,-7168,-20492,9011,14821,-7958
-3924,-8064,-13404,5674,7236,-9054
-4264,-9024,-12000,4476,1945,-11827
-4524,-1296,-9236,2292,-4879,-16000
-2536,1808,-7556,-1606,-9921,-14496
-656,2164,-7984,-3586,-10529,-6900
736,1020,-8572,-4335,-8085,1999
10816,-25712,-32768,-5374,369,-8431
4508,-30024,-32768,-2761,2651,-10942
8672,-11804,-17024,8605,6125,-5831
5892,-5616,-10136,5858,4457,-5277
-14444,-17136,-32768,-28,-2933,6904
-6012,7816,732,14118,10313,16524
-15592,2408,8284,-4322,-8659,11047
-5524,-17372,-28116,-7676,-3532,8818
-7216,-17136,-26948,-3069,-8175,6331
-3700,-4120,-13932,-2985,-8182,8127
-2616,-2348,-13688,-5471,-11539,9461
-3616,-2164,-13964,-4086,-6205,17242
-7488,-4680,-11340,-4948,-5400,18558
-3888,-5616,-14540,-7162,-6366,16888
-1240,-15852,-15200,-6243,-2653,11299
-10860,-15700,-10800,-2,-76,8851
-4348,-11368,-19176,-920,-2967,-670
-2416,-14020,-19196,-476,4730,-2648
-6080,-17052,-21468,6159,12552,-11544
-7704,-4384,-19328,11155,21072,-15920
-11080,-1964,-26564,11525,15301,-14150
-6192,-3736,-25180,9735,15311,-5722
-4444,-9148,-14556,8297,7793,-6452
-4932,-10492,-13528,6360,4031,-8618
-4820,-2924,-9940,2370,-3743,-15875
-3692,592,-8504,-1266,-7769,-17611
-1888,3500,-8056,-2977,-10019,-13366
1208,2936,-8960,-3848,-7461,-4053
3360,-3028,-12744,-3084,-3237,3868
6904,-28244,-23744,4302,3434,-5154
6804,-27512,-22976,4652,3515,-6408
2868,-6044,-7776,-533,-2237,-8072
-5116,2888,-15872,-2149,-5885,2294
-7524,-12268,-32768,-4111,-6236,11550
-8560,-528,-8076,11213,15118,9258
-10432,3100,4860,25,-5096,16787
-5604,-11380,-16180,-9762,-6185,2385
-4184,-2520,-16056,-3007,-7633,8264
-3868,-1644,-12940,-3024,-7352,6776
-4032,-1104,-12680,-3163,-7980,6728
-3424,-3088,-13856,-2874,-5299,17723
-5124,-7144,-13412,-3944,-3624,18069
-6628,-7820,-11544,-3395,-6132,19077
-4388,-9052,-14380,-7056,-6067,15635
-7624,-13472,-12464,-4755,-4247,3443
-4560,-10172,-19272,-1149,-2666,364
-4524,-11180,-19784,-1276,2818,-1058
-8504,-18684,-21052,4793,11380,-7259
-2208,-7784,-21740,10817,18509,-15995
-12100,-3916,-20284,12035,16642,-16044
-7660,-4976,-23540,7812,14632,-9501
-4036,-8816,-14956,7609,9953,-6865
-5100,-7976,-12968,5718,5833,-8607
-4904,-7328,-12040,5885,-194,-12033
-3384,-1084,-8788,1619,-6864,-14326
-2068,532,-6936,-1778,-10319,-12620
-224,1860,-7564,-4995,-10164,-5624
768,-456,-9476,-6571,-7691,962
7660,-8448,-21796,-5845,-7383,4073
6940,-30628,-32768,2834,3404,-6269
2724,-9428,-10916,6233,2859,-6636
-17496,-12508,-32768,341,-9571,11884
-13804,-15056,-32768,1468,-8319,11738
-4056,4400,-9736,8997,12599,1898
-14972,7636,7876,-755,-5011,12868
-3680,-8084,-18300,-9283,-5669,6794
-7200,-14596,-25164,-3425,-8069,8962
-2376,-4440,-13424,-2710,-7462,8446
-1724,-2508,-11512,-5487,-11557,7050
-2748,-5016,-14428,-3651,-5748,15383
-6148,-6560,-12056,-4786,-5162,15807
-5856,-6072,-12792,-5696,-8729,15828
-4648,-11432,-14268,-9470,-5631,9674
-5736,-12732,-13356,-3071,-2096,6561
-7108,-11692,-16748,-684,-2704,1099
-3452,-13132,-20160,391,2436,89
-5856,-15804,-21120,4181,10190,-6292
-2280,-8352,-21912,8805,19695,-16315
-12912,-3504,-21072,11573,18033,-17434
-7368,-1740,-28884,11694,17971,-5288
-4068,-8008,-19148,12337,12207,-1311
-5016,-10064,-14016,8631,5934,-6044
-4252,-7624,-11508,6060,1406,-11234
-3788,-1368,-7748,661,-5629,-16731
-2376,2788,-5360,-4199,-10398,-16824
888,4752,-5496,-5869,-10024,-4589
3412,-852,-8996,-6971,-6879,3548
10612,-23072,-29736,-4436,-965,519
4660,-30388,-26732,10428,4263,-6090
6220,-3696,-7420,1903,-1462,-8299
-9456,-11232,-32768,-2521,-2873,-1358
-3680,-2204,-21004,10958,10669,3903
-17196,12612,11196,-3815,-1192,12390
-804,-5052,-19468,-12170,-5352,5198
-12632,-20964,-28080,-1146,-7811,11922
-3660,-7276,-13600,-2054,-5302,10702
-2720,-5476,-12216,-5495,-9963,6879
-2412,-4992,-13960,-4025,-7073,14120
-4100,-6044,-12928,-5037,-3770,14813
-6560,-4996,-9796,-3924,-6378,18009
-5768,-8464,-13480,-8575,-10325,11837
-1232,-13448,-18456,-8892,-4997,4733
-11324,-10088,-13808,-2095,-2595,3472
-3456,-11964,-20132,-1642,-1828,-1465
-4108,-13640,-19728,2549,5853,-335
-6636,-14080,-20216,7486,11816,-12339
-1100,-5940,-19736,9776,21065,-16606
-9624,-1340,-27484,9217,14027,-17869
-6560,-6124,-22520,9514,13844,-5359
-6252,-8748,-13788,7901,7865,-7873
-4984,-8824,-14164,6063,4446,-9877
-4004,-4208,-12348,5594,-2291,-13068
-2352,188,-8464,584,-8451,-15773
-616,2400,-5976,-3864,-9861,-13375
1556,912,-6460,-5726,-5547,-2041
2856,-4072,-10264,-4877,-6689,4123
10160,-26588,-32472,-1369,1505,-3572
5508,-22420,-22272,8569,4345,-6146
4300,-1068,-4784,376,-3105,-9009
-5320,4220,-16924,-4356,-7136,1195
2984,-19228,-32768,2770,-1939,9116
-3316,9328,200,9884,3651,22745
-8892,-2628,-6704,-3416,-6796,12914
-11412,-14820,-18400,-6718,-5913,10808
-4156,-11284,-18864,-3050,-4922,10191
-3376,-6276,-13232,-2341,-5416,12427
-3420,-5736,-10684,-3226,-7062,10324
-5764,-5192,-13800,-4160,-1138,18873
-6908,-7296,-12352,-5977,-4202,15525
-3444,-10792,-14032,-7124,-4852,11961
-7244,-13000,-10540,-6541,-4965,5427
-8000,-7592,-16712,-2301,-3620,2182
-3580,-8580,-21532,-1432,568,1541
-3900,-11196,-18060,213,4172,3052
-7172,-15436,-20072,5490,10579,-11751
40,-6344,-18704,10862,18649,-16530
-12660,-6428,-25672,10342,14617,-18406
-12944,-2752,-30116,9622,13095,-15438
-4320,-7524,-16376,9232,9942,-6126
-5092,-8900,-13932,6957,4320,-7612
-3736,-8380,-12596,7073,-1123,-9125
-4384,-1160,-8392,767,-7424,-16582
-3128,1604,-7028,-3296,-11838,-15756
-532,2040,-8368,-4829,-10003,-6478
696,660,-10004,-4972,-7154,2903
6852,-10120,-23028,-4451,-6487,6446
5416,-31176,-31800,2087,4495,-11022
4676,-11748,-11064,6474,3703,-5835
-9284,3636,-13916,-1632,-2042,646
-6628,-12348,-32768,-3060,-4374,7398
-5960,4992,3952,10049,7851,19640
-12112,3044,2836,-1261,-6444,18413
-8756,-15304,-27860,-9391,-4304,8023
-5748,-10468,-19076,-4674,-6054,8883
-4324,-6916,-12148,-1779,-4754,11454
-2000,-4040,-12876,-1827,-7024,13091
-3348,-5812,-14344,-3187,-1622,16503
-6052,-7064,-11488,-3870,-3285,17623
-6516,-7808,-9708,-5103,-7546,18496
-1932,-12268,-14496,-10436,-5994,6438
-6804,-11336,-17116,-2363,-1296,4546
-3988,-9600,-20200,-1957,-796,-1493
-3168,-15200,-18924,1330,6665,-843
-4896,-7340,-17840,10555,18448,-18557
-11316,-6064,-18920,12139,17613,-16829
-10452,-1716,-29860,9274,14302,-17188
-5132,-6320,-22552,9342,12717,-8343
-5676,-10888,-12904,8867,7527,-9801
-4548,-9828,-13680,7942,2055,-11544
-5456,-4168,-11900,4962,-4101,-15834
-3528,76,-9244,183,-9705,-18061
-776,4112,-6916,-2609,-11859,-12836
1736,3248,-7116,-5555,-6173,-1921
2280,-2736,-11528,-7784,-5382,3769
9652,-25460,-26892,-6622,-3636,-4545
3212,-7840,-10904,5076,332,-3930
3324,-4128,-7040,2882,-1215,-3651
-7856,1456,-28916,-1686,-4662,5896
576,-9752,-32768,6263,9168,-1864
-7320,8092,6352,3931,-2789,17195
-6724,-1636,-9140,-5974,-8965,10994
-16356,-21604,-30136,-4865,-6028,10044
-4580,-4996,-16436,-979,-3218,15211
-2820,-5128,-13628,-3267,-7697,11754
-1628,-5544,-12100,-4069,-7169,11828
-5612,-7160,-13920,-4858,-1698,17094
-5516,-5692,-12764,-6104,-4017,15940
-4320,-8364,-13484,-9136,-6135,9732
-3292,-15364,-12620,-6205,-4509,6927
-10412,-10772,-12816,-1986,-3653,1894
-3184,-9140,-20976,-1372,-2333,-172
-3464,-9660,-20356,236,1869,1942
-7068,-15800,-20372,5103,10474,-13120
1284,-6736,-21760,8783,19085,-17240
-12636,-2432,-24480,9354,13693,-19171
-6708,-3712,-23688,10145,14797,-6201
-4328,-8372,-14552,9736,10183,-5409
-5772,-7424,-12064,7754,7000,-8409
-4792,-6380,-11836,5738,-615,-13672
-2500,676,-9084,1033,-6963,-15088
-920,2764,-7696,-2038,-9744,-10590
1608,2360,-7084,-4561,-7220,-1090
3364,-2812,-9188,-6198,-6351,4334
11612,-21900,-25896,-5423,-2249,-1114
3648,-32692,-26084,9430,3904,-6084
4492,-2628,-5768,582,-1912,-10970
-4000,3592,-26688,-5624,-5708,-513
8156,-17196,-32768,1391,4987,-2612
-516,10712,4036,6944,4120,18557
-7696,368,-3244,-5080,-9630,11815
-17268,-22700,-28640,-4166,-4994,11246
-4752,-7588,-17176,-3554,-8604,9237
-4400,-4584,-15180,-1250,-5661,11485
-2932,-4140,-13592,-2698,-9237,13601
-2684,-5292,-14664,-2985,-3425,18129
-6776,-6816,-11256,-3841,-3681,17581
-5964,-6376,-13252,-6702,-6172,15822
-3216,-13976,-15272,-10037,-5212,7955
-8192,-12748,-13736,-2143,-2199,6419
-5920,-9452,-18616,-2009,-2580,-1405
-3044,-12816,-17788,1187,5251,816
-4276,-14820,-19968,2714,9152,-743
-2456,-8416,-19004,9954,17151,-15624
-13624,-6876,-17232,12043,17444,-16196
-7256,-3912,-26472,7317,13357,-13087
-4012,-7832,-18032,7781,9488,-8418
-4988,-7412,-13636,6414,5257,-9281
-4064,-1052,-10408,2806,-5785,-15130
-3796,-652,-10104,2379,-6238,-15294
-1696,572,-8232,-1543,-9386,-14619
-316,2576,-7212,-4082,-8635,-7808
1036,1324,-8524,-5340,-5784,409
4564,-9084,-18496,-5592,-5092,3233
6312,-18624,-18244,7507,3190,-2515
6308,-14804,-15740,6699,2757,-2934
4140,-3656,-6116,-785,-1819,-4509
-15344,-6680,-32768,-837,-6792,8526
-1192,-4196,-23108,8617,8891,-872
-13236,7728,6984,191,-632,13968
-6972,-3868,-13484,-8090,-8756,6615
-13764,-20724,-32460,-3573,-9963,10018
-4184,-3824,-17232,-1253,-4485,14717
-3704,-2220,-12836,-3450,-8690,11802
-2940,-4196,-13796,-2475,-4148,17840
-7296,-7340,-11636,-5409,-2005,14703
-5712,-7364,-11284,-4598,-6869,17110
-2308,-13060,-15784,-7526,-1887,7265
-7032,-13520,-14708,-2656,-14,8495
-2984,-10424,-19572,-1425,-183,544
-216,-14180,-19368,1896,6549,1103
-9860,-19240,-18204,6601,13856,-6607
-176,-8772,-20652,11387,17824,-19136
-13392,-5508,-27760,13350,16088,-15547
-5832,-2132,-25392,9854,15044,-8596
-4616,-8584,-17564,9267,9570,-5915
-4640,-9952,-14392,9197,4049,-7093
-4556,-7144,-13844,7065,-861,-11638
-5268,-832,-9772,949,-6919,-18634
-2392,1812,-6880,-2900,-10386,-18765
1748,4340,-6012,-4436,-8198,-7995
9628,-21832,-29144,-6745,-4625,214
3148,-30812,-32768,2645,2893,-7649
2528,-29544,-32448,4537,3250,-5691
3332,-29280,-27328,6636,3472,-4238
1900,-356,-7096,2145,1914,-2237
-18056,-16148,-32768,-1436,-5265,6867
-9032,1596,-3840,11019,9174,9814
-14144,2356,2908,-2420,-9309,12647
-11248,1656,-384,-3426,-9988,11425
-5552,-15944,-26200,-4432,-7333,9858
-3304,-6532,-13888,-409,-5357,13685
-1220,-3732,-12032,-3591,-9068,11125
-3224,-4296,-13648,-3935,-3726,18257
-7432,-6636,-12304,-5211,-2713,18187
-4864,-7000,-13320,-7367,-5355,15029
-2716,-15204,-14096,-9113,-5646,7735
-4596,-12064,-21136,328,1708,663
-6740,-15104,-20600,2481,4984,-3081
-7476,-16300,-21132,3266,5247,-4249
-4748,-14184,-21192,6915,11054,-14610
252,-3624,-20748,8619,21688,-15220
-13496,-1444,-22936,8728,15036,-16356
-5748,-6120,-22152,9862,16378,-6491
-5316,-8960,-12372,6499,6596,-6770
-4408,-9336,-12964,6175,2102,-10558
-4332,-8948,-12424,6232,1388,-10737
-3456,-288,-8304,1662,-6915,-15405
-1176,2796,-6672,-2523,-11035,-12059
848,1888,-6612,-5002,-9484,-2318
2608,-2992,-11180,-6119,-7256,3471
9320,-20544,-27508,-5387,-3994,-2201
3732,-21696,-20292,9211,3789,-8880
4844,-3504,-7372,1262,-401,-9500
-6660,212,-29988,-2927,-5368,48
7216,-11156,-32768,4208,7437,-1288
808,13792,4448,3693,7772,17847
-5840,-644,-10204,-8921,-9884,9766
-16892,-26392,-29604,-3433,-6382,12034
-4104,-8188,-15516,-3212,-7040,9124
-3204,-3116,-12788,-2792,-7379,9675
-2588,-3868,-13488,-3347,-9517,11937
-3052,-4824,-13780,-3043,-3742,18324
-6864,-5980,-11364,-3523,-6180,18102
-2656,-9832,-15780,-7457,-6554,15237
-2088,-14976,-14276,-9823,-2609,4814
-9352,-13072,-13896,-2757,-3635,3099
-3600,-9036,-21400,-2854,-538,-2041
-5816,-16052,-19424,1550,8644,-4885
-1392,-12444,-24112,8588,15706,-14335
-9512,-3032,-16096,12288,19283,-14928
-8640,-2748,-28016,11085,15622,-13293
-5544,-9756,-21592,9488,12594,-6009
-4784,-8144,-13852,6337,7005,-9317
-4804,-8396,-13180,4705,2124,-10864
-5948,-2112,-8496,3140,-3649,-14801
-2432,1392,-9148,351,-8717,-13335
-1164,3704,-6320,-3625,-10032,-9446
996,1364,-7520,-5028,-7884,76
3544,-4348,-13724,-4804,-8313,4843
9532,-27916,-32768,-3278,-3300,-12083
6048,-18652,-20288,9219,4906,-1529
2864,-2804,-5708,2235,-340,-6069
-17308,-7520,-32768,-1357,-7131,7160
288,-740,-23192,8332,14585,-788
-9692,12156,7032,-1090,2117,12184
-4268,-2260,-14864,-8807,-9595,9081
-17376,-22268,-31372,-2273,-7455,11493
-3792,-8440,-14636,-853,-6351,12106
-3936,-2928,-11248,-3038,-9540,9923
-2904,-2620,-14624,-3221,-6921,16096
-5508,-5516,-13044,-4261,-1821,17319
-6380,-5948,-10924,-4105,-6498,16574
-4368,-10204,-14700,-8648,-6513,13881
-3328,-15948,-14548,-8292,-1463,5106
-9044,-11588,-14600,-2793,-3038,667
-2736,-9520,-20936,-1598,635,-1779
-7908,-17080,-20840,5795,10756,-5710
-2464,-10300,-19876,10066,15662,-15822
-13136,-4980,-18336,11642,19336,-14548
-7440,32,-28892,8269,15067,-11969
-4308,-7928,-13012,6766,7710,-6371
-4464,-7872,-12332,6707,6910,-6419
-3968,-9464,-12244,5013,1829,-11519
-5000,-1584,-9732,1124,-5038,-17493
-3496,1400,-8440,-1593,-9680,-17100
-864,2440,-7420,-2929,-11497,-9706
2720,1108,-9624,-3274,-6524,3318
2908,-5408,-16016,-3874,-4307,6352
8608,-25256,-30460,-1417,-2289,-6157
4452,-16576,-18036,6191,4028,-3890
3780,-5776,-8036,768,-464,-5435
-10512,-7768,-32768,-3924,-6931,4294
2864,-192,-23064,5403,10355,-174
-7088,8000,4412,1075,-1613,16119
-8040,-6196,-16220,-8454,-9025,7619
-10152,-21472,-27056,-3188,-8734,8106
-3840,-4552,-15656,-569,-6055,11631
-3472,-2236,-12504,-2324,-9063,9747
-3856,-4200,-13280,-1824,-7173,16212
-6084,-6528,-13668,-4533,-2288,15942
-6396,-6232,-12256,-4805,-5543,15472
-5080,-9696,-13708,-8131,-4342,12890
-5752,-13044,-13924,-5376,-2791,5496
-7092,-9900,-17084,-1684,-2247,2316
-3808,-10524,-18808,-502,1762,940
-5416,-16408,-21120,3992,9136,-1147
-3756,-12748,-19812,7803,14846,-17008
-7120,-4832,-19220,10717,20532,-16547
-12344,-1112,-28112,10065,14520,-14587
-3840,-8100,-15008,8464,8778,-5675
-5064,-7208,-12584,7330,5588,-7371
-4424,-9540,-13416,5417,1851,-10927
-5040,-2596,-11096,3359,-3126,-14514
-3448,1712,-8748,-1551,-8177,-16512
-964,3308,-7748,-3626,-9181,-9894
1396,1408,-7836,-4061,-5971,623
2852,-3944,-11828,-2575,-8207,6955
7064,-21304,-28536,-3581,-3042,-5999
4096,-32472,-29040,2671,2546,-7864
3344,-3900,-7156,1069,-975,-8240
-2808,-264,-8204,-1701,-3703,-1935
3092,-15540,-32768,1671,-5585,4964
-5380,7424,2180,7303,11324,20057
-12480,-1208,-2012,-2429,-6999,11853
-10504,-18052,-25096,-5049,-5205,9094
-5480,-9684,-17852,-4210,-8941,9456
-4804,-7868,-14952,-1787,-5993,11800
-2284,-2856,-14248,-1775,-9020,14271
-5380,-3564,-14272,-3463,-1142,19690
-7060,-5692,-11932,-4983,-5425,17085
-3024,-9864,-14116,-6918,-2887,16586
-4768,-14808,-11784,-7610,-544,6160
-7728,-12536,-14988,-1644,-4127,2572
-4272,-9784,-20732,-2634,-197,-2312
-5064,-16048,-19620,1462,7351,-4516
-2796,-13628,-22420,8096,13981,-14127
-4168,-4392,-16992,9888,20560,-15757
-11268,-2764,-29224,8174,14671,-17769
-5800,-7772,-21500,8582,14318,-7334
-4952,-6920,-14732,7445,8955,-7640
-5128,-9772,-12912,6254,2402,-11057
-5248,-5760,-11800,6114,-2051,-12488
-4000,328,-7480,-203,-11388,-15595
-1436,1812,-6988,-3228,-13820,-9984
168,2416,-7928,-4152,-11705,1095
2092,-992,-13396,-4106,-9468,7326
10700,-22996,-32764,-6225,-2361,-11898
4824,-27948,-20280,11363,9543,-8317
-80,-2864,-2296,3068,990,-4449
-13788,-1660,-32768,-5294,-8210,5733
9360,-3532,-32768,5142,9556,-2516
-15580,6976,4368,-1053,-2216,16008
-5488,-4232,-18356,-9546,-8042,9602
-11364,-19436,-23568,-4046,-6359,9911
-4744,-7876,-15552,954,-6256,16826
-2852,-3984,-11788,-745,-8204,13102
-1740,-3140,-14276,-2559,-4689,16953
-7160,-5280,-11740,-4927,-1435,17936
-2968,-9128,-14516,-6465,-4867,12329
-5180,-14136,-12912,-6627,-3942,10425
-6016,-12128,-11980,-5238,-5173,2573
-5640,-12008,-18552,-3288,-3225,-2319
-1716,-11768,-21336,963,4780,-542
-8524,-17512,-19116,4713,10760,-9038
-500,-8120,-21916,9225,18735,-18398
-14976,-3072,-26576,11208,18441,-14979
-4680,-2200,-23316,9115,16782,-5592
-4216,-6488,-15256,9365,9259,-5367
-4552,-11412,-12052,6526,4036,-11796
-5180,-5392,-11404,5295,-1055,-12688
-4280,336,-8576,234,-7127,-17246
-1580,3800,-6996,-2501,-11157,-12148
1400,3436,-7148,-3730,-9654,-133
2304,-1420,-12088,-6098,-6969,7592
9280,-24272,-32340,-5303,-3224,1119
5188,-30348,-23816,7935,7240,-3340
3284,-4520,-6024,1246,896,-11767
-6404,60,-10104,-2119,-4754,-2252
7068,-12664,-32768,1076,-6525,6186
-10156,5860,-3128,6683,6970,15804
-9624,1096,-5972,-2921,-6831,13257
-9688,-12384,-18600,-6277,-4987,10539
-7460,-9664,-19108,-4821,-7826,9998
-4880,-8392,-14316,-274,-5276,12144
-1580,-3996,-12320,-1103,-8652,13234
-4516,-4556,-13108,-3202,-2755,17816
-6900,-7096,-12952,-5385,-3929,13040
-3492,-9352,-14392,-4814,-4890,15177
-4788,-12840,-12684,-7749,-3805,8026
-7028,-11576,-14880,-4250,-4358,3952
-4892,-9916,-19488,-3352,-1952,-1978
-3296,-11664,-18352,-946,3709,-923
-8144,-14652,-22396,6133,10615,-6761
-1976,-8276,-18808,9362,16703,-15679
-12608,-6524,-16980,9286,16934,-16148
-8156,-3628,-25108,7246,13227,-11752
-3176,-6884,-17604,7386,10192,-5881
-4848,-7208,-13736,5957,5544,-8366
-4724,-9688,-13932,6388,2540,-9609
-4764,-1920,-9892,3142,-6171,-13618
-2032,596,-8704,-296,-10489,-12157
208,2212,-8304,-4220,-9822,-6356
1264,608,-9408,-6018,-7017,1078
6152,-7660,-17892,-6668,-7074,3010
5592,-29332,-32768,-164,2827,-10198
4816,-13012,-15168,7395,4314,-4464
864,-3096,-5544,1515,-216,-5190
-17436,-11856,-32768,-1561,-7487,7220
-3060,200,-14748,9459,12375,5122
-13988,9956,6468,-2038,-3343,13552
-5832,-7684,-21360,-8992,-6369,10127
-9748,-17448,-26452,-3248,-6637,10151
-4068,-7492,-13544,-1822,-6038,10564
-3400,-3464,-12516,-3926,-10018,8459
-3888,-3288,-14060,-3473,-7125,14648
-7000,-5264,-12888,-4933,-2769,16244
-4884,-5488,-13368,-4606,-6855,15290
-3636,-10156,-15032,-8228,-5833,12756
-4800,-15104,-13124,-5616,-1130,6092
-8052,-11512,-15252,-2848,-3406,30
-2504,-10180,-20376,-1753,680,-1734
-5484,-15372,-20136,3952,9937,-3908
-3632,-11160,-21676,9319,14988,-15316
-13088,-3704,-24188,9799,15983,-17035
-12828,-2304,-26160,9594,15395,-16673
-4524,-7720,-14344,6946,8260,-7651
-4060,-7644,-13616,6478,7744,-7760
-4688,-9376,-12260,5351,2825,-12121
-5128,-1284,-10168,2771,-3964,-15476
-3144,1180,-8736,-772,-9329,-15521
-1492,2388,-6780,-2977,-11543,-9617
1524,2400,-7440,-3612,-9545,1518
4032,-4748,-15744,-4966,-8864,6322
7052,-32768,-32768,-2369,685,-15426
8704,-12500,-15452,8742,6562,-6550
-1520,1548,-3364,1802,382,-3597
-25396,-12460,-32768,-550,-8197,13120
-7048,4896,-6580,9926,14039,10870
-16944,3592,4940,-1012,-9378,15522
-5792,100,-9536,-5697,-10869,10947
-5184,-12108,-19888,-3308,-7755,9844
-4232,-4936,-13196,-1060,-6897,11170
-2608,-3704,-13076,-3085,-10525,11777
-4096,-3784,-14596,-3539,-5158,17698
-6940,-5380,-12020,-4737,-4046,17706
-4752,-5620,-14036,-9213,-6867,14365
-776,-16396,-15188,-10063,-3541,8713
-11984,-14036,-10804,-764,-2193,5476
-1572,-9416,-22172,-728,-1665,-1470
-4524,-14132,-19584,2104,7497,-491
-6140,-15112,-21596,7415,12214,-12883
-916,-4616,-21936,9416,22792,-17024
-5880,-3512,-24132,9142,17144,-5329
-5940,-5404,-22416,9134,16265,-4495
-3792,-6400,-15372,7816,9111,-4668
-4980,-9628,-12220,5848,4070,-8681
-4680,-4076,-10976,5005,-1635,-11493
-4180,536,-7804,175,-7686,-15918
-1812,2760,-6516,-3227,-11375,-13581
1480,2868,-5976,-4487,-9778,-3155
2344,-1428,-9956,-4645,-8697,5961
12612,-22416,-32768,-4505,-3046,-2381
4936,-32768,-27232,9632,5436,-7582
5924,-2812,-5520,4017,2696,-7664
-9996,964,-29180,-4054,-5474,1097
14888,-8532,-32768,5160,6222,-2863
-8840,11156,4420,1413,5930,15798
-6048,-1756,-14816,-6892,-9590,12127
-13028,-21028,-27676,-1207,-5334,12680
-5116,-8884,-16108,-2106,-4573,13687
-4468,-6068,-12244,-1944,-6684,10575
-3000,-4992,-13328,-2433,-8027,13858
-4732,-5384,-13684,-3986,-3544,16167
-6648,-5548,-11812,-3052,-4406,16918
-3520,-7792,-13948,-6553,-5349,15219
-2768,-14248,-13440,-9226,-2748,6021
-8660,-12764,-14736,-1826,-2153,4995
-3488,-9272,-20216,-2465,-417,-2405
-6228,-17496,-19996,3543,8937,-5266
-2548,-12768,-22604,8573,13822,-15142
-6908,-4376,-18456,10129,21835,-14986
-11120,-664,-29568,9004,15190,-13724
-4680,-8688,-19248,8555,13464,-4993
-3992,-8436,-12804,5568,7627,-9386
-4492,-10332,-12544,4748,2729,-13210
-5484,-1744,-10444,3335,-3801,-16618
-2992,2200,-8208,-595,-9363,-16388
-348,3352,-6512,-3290,-11314,-8975
1332,1480,-7516,-4998,-8389,1323
10736,-28700,-32768,-4596,-490,-9584
2700,-32768,-32768,2704,2740,-9668
6008,-9104,-14172,6674,2769,-7339
1020,812,-8084,-77,-1148,-6051
-19252,-12704,-32768,-1327,-3741,7640
-4240,1808,-11040,11685,11938,12122
-15180,8992,6636,-1205,-4692,14524
-5080,-9212,-22692,-8934,-6056,9508
-7080,-15348,-23828,-3100,-7180,7875
-4540,-7136,-14156,-2719,-5677,10328
-3956,-4560,-12900,-3560,-10106,9035
-3600,-4632,-13348,-2751,-6380,16756
-6348,-6188,-12456,-4757,-2879,17379
-5324,-5160,-13372,-4739,-5619,16765
-2492,-11292,-15504,-8280,-5306,12660
-7576,-15332,-11508,-4252,-2452,5127
-7600,-11748,-15564,-2462,-3533,-514
-4352,-10380,-21364,-2297,320,-1948
-4936,-15716,-20888,3734,8026,-5703
-6044,-14528,-21804,7204,12194,-10824
-8648,-3928,-16468,10567,19692,-15288
-8504,-1444,-28436,9046,14926,-10685
-3844,-8208,-19040,8898,12105,-5025
-4716,-10108,-13392,5649,6871,-8882
-5128,-6444,-12904,5047,1113,-12812
-5040,-256,-10464,2258,-4764,-15285
-2424,1356,-8700,-602,-9715,-13777
-192,1468,-7692,-3320,-10368,-6954
1152,604,-8196,-4353,-8531,1947
3304,-6116,-16160,-5554,-7482,5456
8628,-28252,-32768,-1870,-2081,-10748
6300,-12400,-15836,7074,3425,-3662
3060,-3460,-7384,683,86,-3530
-16896,-7768,-32768,-3712,-7236,5425
4840,-4112,-27720,7383,11566,-2447
-9668,7144,4604,1004,-566,13582
-6200,-5252,-16356,-6616,-6489,8157
-10916,-19608,-28964,-3801,-6830,6641
-5236,-6808,-15292,-214,-4701,12432
-4448,-4512,-12332,-2210,-8522,9990
-3120,-5436,-13452,-2897,-7152,13611
-5160,-6040,-13624,-4052,-2910,14850
-6848,-4928,-12136,-4189,-5417,15700
-4724,-7976,-14320,-8238,-5989,13774
-7936,-13332,-12988,-3028,-1144,5552
-8492,-12736,-13076,-2673,-1366,5130
-4608,-9736,-19284,-2063,-2637,-2955
-5020,-13132,-18892,18,4287,-2999
-5700,-13932,-22316,6639,12072,-12914
-2056,-5252,-18112,8192,18566,-16510
-9680,-3520,-18776,9690,16681,-16428
-9384,-4096,-24308,8001,12956,-10381
-2980,-9456,-16016,7165,9482,-7013
-4020,-9656,-13632,4067,4775,-9636
-4900,-5508,-13604,4997,-425,-13163
-3452,180,-9776,711,-7288,-15012
-604,464,-9392,-2055,-9535,-11361
-388,528,-8908,-3875,-8063,-5127
944,-308,-9496,-4147,-7280,3065
4884,-6800,-17956,-5593,-8089,5123
7612,-26952,-32112,-3112,2413,-9876
5196,-15308,-15424,9957,2687,-7147
5480,-12160,-12952,8879,2340,-6753
-9132,-8808,-32768,-10075,-5317,-4834
-4288,768,-12144,7001,10368,5166
-7756,10968,2496,6270,-5289,20220
-5380,-5324,-20000,-7690,-6939,10260
-6180,-15360,-19364,-3929,-7250,6353
-4856,-5040,-13516,-640,-5706,9386
-4808,-4388,-14376,-2907,-9420,9163
-3416,-6248,-13988,-1443,-6848,13988
-5624,-6368,-12776,-2894,-3648,15868
-6340,-4800,-13032,-3521,-5590,15238
-3876,-8736,-15336,-7590,-5531,11318
-3236,-14092,-13940,-6892,-2994,7557
-8324,-9864,-14688,-2333,-4372,4040
-5148,-8556,-18592,-2873,-2325,-1995
-5204,-11996,-17168,-1064,2371,-448
-8568,-14528,-22056,5105,7221,-5647
-2184,-9512,-20564,7595,16673,-14643
-4964,-5668,-14700,8847,20138,-16427
-12956,-3088,-27436,8516,14270,-16181
-3576,-7804,-19104,6808,11456,-5975
-4092,-6708,-13184,4387,6562,-9797
-4616,-8004,-13144,6861,2270,-7935
-5016,-756,-9884,2134,-5497,-16147
-2116,620,-8732,-485,-9841,-12209
-896,-44,-10644,-3848,-9936,-7661
144,976,-10496,-3462,-7528,2702
1992,-4604,-15208,-2930,-8297,7533
10304,-18024,-27996,-4016,-5926,-3042
3988,-27528,-20744,5557,6800,-2111
3448,-11284,-8808,6686,3429,-1451
-8020,2104,-17996,255,-5288,1255
9340,-11684,-32768,-38,1260,-13347
-4996,6704,2088,6294,6918,15724
-14068,-128,-4736,-4076,-8579,16688
-10444,-18092,-32268,-4179,-3504,8131
-5112,-9876,-16256,564,-6077,13823
-4624,-5896,-13036,248,-5263,12613
-4040,-5804,-13808,-890,-8004,14589
-4848,-5776,-12148,-3580,-4772,14264
